health_id,equipment_id,equipment_type,site_id,record_date,health_score,engine_hours_cumulative,fuel_consumption_litres,oil_pressure_bar,oil_pressure_deviation_pct,coolant_temp_celsius,vibration_level,vibration_deviation_pct,failure_probability_pct,at_risk_component,maintenance_due,maintenance_cost_estimate,downtime_hours_this_month
EH0000001,EX-01,excavator,SITE_B,2026-06-01,78,12008,248.6,4.45,-1.1,80.8,2.38,1.5,6.5,,False,215203,5.7
EH0000002,EX-01,excavator,SITE_B,2026-06-02,78,12021,180.3,4.46,-1.0,95.9,4.52,0.5,6.1,,False,298795,0.9
EH0000003,EX-01,excavator,SITE_B,2026-06-03,78,12040,341.2,4.28,-4.9,86.2,5.32,1.8,1.3,,False,107435,20.6
EH0000004,EX-01,excavator,SITE_B,2026-06-04,78,12052,378.2,4.45,-1.1,78.2,5.8,0.3,5.3,,False,279629,32.3
EH0000005,EX-01,excavator,SITE_B,2026-06-05,78,12071,233.7,4.45,-1.2,86.9,2.05,-0.9,5.8,,False,120077,15.6
EH0000006,EX-01,excavator,SITE_B,2026-06-06,78,12084,420.6,4.55,1.1,81.3,5.67,-2.1,4.0,,False,242283,37.6
EH0000007,EX-01,excavator,SITE_B,2026-06-07,78,12099,431.0,4.52,0.4,87.4,6.1,2.6,7.5,,False,260884,15.5
EH0000008,EX-01,excavator,SITE_B,2026-06-08,78,12118,447.1,4.57,1.5,83.0,3.03,-1.6,3.5,,False,88984,39.5
EH0000009,EX-01,excavator,SITE_B,2026-06-09,78,12136,267.5,4.44,-1.4,90.8,5.34,1.8,1.0,,False,52666,3.0
EH0000010,EX-01,excavator,SITE_B,2026-06-10,78,12151,377.8,4.42,-1.7,79.7,3.39,-0.9,7.0,,False,117373,13.0
EH0000011,EX-01,excavator,SITE_B,2026-06-11,78,12159,348.5,4.57,1.6,95.5,5.81,4.1,7.2,,False,254020,22.5
EH0000012,EX-01,excavator,SITE_B,2026-06-12,78,12176,191.2,4.5,-0.1,79.9,2.6,4.7,4.7,,False,288550,19.0
EH0000013,EX-01,excavator,SITE_B,2026-06-13,78,12190,360.6,4.66,3.6,91.6,3.09,1.7,2.0,,False,83585,25.0
EH0000014,EX-01,excavator,SITE_B,2026-06-14,78,12209,262.1,4.45,-1.2,94.1,4.07,-0.9,4.2,,False,328249,4.9
EH0000015,EX-01,excavator,SITE_B,2026-06-15,78,12227,367.9,4.56,1.4,92.7,5.36,-0.8,2.9,,False,61959,21.4
EH0000016,EX-01,excavator,SITE_B,2026-06-16,78,12242,594.9,4.68,3.9,83.8,4.03,-0.5,2.9,,False,108840,16.2
EH0000017,EX-01,excavator,SITE_B,2026-06-17,78,12256,398.8,4.5,-0.0,83.4,3.13,-0.1,2.7,,False,133264,10.7
EH0000018,EX-01,excavator,SITE_B,2026-06-18,78,12264,459.1,4.5,-0.1,90.3,4.22,1.0,1.2,,False,165657,39.4
EH0000019,EX-01,excavator,SITE_B,2026-06-19,78,12282,286.6,4.57,1.5,92.5,3.54,-3.4,6.3,,False,146081,25.3
EH0000020,EX-01,excavator,SITE_B,2026-06-20,78,12301,403.6,4.42,-1.8,90.5,5.45,0.2,6.8,,False,173883,27.1
EH0000021,EX-01,excavator,SITE_B,2026-06-21,78,12315,256.7,4.5,0.0,90.4,3.44,-1.1,2.6,,False,313255,5.5
EH0000022,EX-01,excavator,SITE_B,2026-06-22,78,12332,293.5,4.43,-1.6,89.9,5.17,-1.0,7.5,,False,147512,20.7
EH0000023,EX-01,excavator,SITE_B,2026-06-23,78,12346,329.2,4.5,0.1,84.3,5.05,1.5,7.2,,False,106690,34.3
EH0000024,EX-01,excavator,SITE_B,2026-06-24,78,12354,251.1,4.58,1.8,94.2,4.36,-0.7,7.0,,False,219426,14.9
EH0000025,EX-01,excavator,SITE_B,2026-06-25,78,12364,466.9,4.41,-2.0,82.0,4.52,-3.3,4.4,,False,325472,19.8
EH0000026,EX-01,excavator,SITE_B,2026-06-26,78,12374,469.3,4.46,-0.9,88.2,2.04,-3.3,6.2,,False,211890,25.5
EH0000027,EX-01,excavator,SITE_B,2026-06-27,78,12384,572.5,4.55,1.1,89.4,4.73,-4.5,7.9,,False,176672,7.8
EH0000028,EX-01,excavator,SITE_B,2026-06-28,78,12392,199.2,4.41,-1.9,95.9,4.17,2.9,1.2,,False,122989,36.6
EH0000029,EX-01,excavator,SITE_B,2026-06-29,78,12402,611.3,4.49,-0.2,79.4,3.44,2.2,7.8,,False,308246,10.7
EH0000030,EX-01,excavator,SITE_B,2026-06-30,78,12415,486.3,4.29,-4.6,88.3,2.31,-0.8,3.8,,False,112991,26.8
EH0000031,EX-02,excavator,SITE_C,2026-06-01,76,8650,553.4,4.5,0.1,80.5,4.5,-3.4,7.1,,False,94748,11.9
EH0000032,EX-02,excavator,SITE_C,2026-06-02,76,8669,405.0,4.36,-3.1,87.0,5.04,-1.5,5.3,,False,304512,2.8
EH0000033,EX-02,excavator,SITE_C,2026-06-03,76,8688,434.7,4.45,-1.1,85.9,4.65,-0.4,7.2,,False,158834,18.6
EH0000034,EX-02,excavator,SITE_C,2026-06-04,76,8701,290.1,4.34,-3.6,78.7,3.32,1.1,5.1,,False,153632,33.1
EH0000035,EX-02,excavator,SITE_C,2026-06-05,76,8711,460.5,4.61,2.4,91.1,5.85,-0.5,2.4,,False,319163,28.6
EH0000036,EX-02,excavator,SITE_C,2026-06-06,76,8728,214.5,4.49,-0.2,78.5,5.7,-1.5,4.0,,False,223062,17.1
EH0000037,EX-02,excavator,SITE_C,2026-06-07,76,8737,285.5,4.47,-0.7,79.7,2.78,0.5,7.4,,False,227628,11.2
EH0000038,EX-02,excavator,SITE_C,2026-06-08,76,8756,429.1,4.69,4.2,80.9,2.79,3.1,3.9,,False,49435,1.8
EH0000039,EX-02,excavator,SITE_C,2026-06-09,76,8768,388.3,4.48,-0.5,81.1,4.3,5.6,1.7,,False,328790,1.9
EH0000040,EX-02,excavator,SITE_C,2026-06-10,76,8779,451.0,4.5,0.0,95.0,6.01,2.3,4.8,,False,89115,23.4
EH0000041,EX-02,excavator,SITE_C,2026-06-11,76,8798,236.5,4.51,0.2,92.6,5.48,2.0,3.7,,False,78304,26.1
EH0000042,EX-02,excavator,SITE_C,2026-06-12,76,8807,197.1,4.44,-1.3,89.1,3.09,-2.6,2.5,,False,65351,15.4
EH0000043,EX-02,excavator,SITE_C,2026-06-13,76,8821,232.0,4.4,-2.2,90.5,4.9,3.8,2.8,,False,171484,1.6
EH0000044,EX-02,excavator,SITE_C,2026-06-14,76,8833,510.3,4.54,0.9,92.5,5.94,-0.2,4.8,,False,125999,5.1
EH0000045,EX-02,excavator,SITE_C,2026-06-15,76,8845,285.0,4.54,1.0,90.2,4.5,-4.6,7.1,,False,226141,36.1
EH0000046,EX-02,excavator,SITE_C,2026-06-16,76,8863,224.0,4.62,2.6,79.0,5.84,0.1,3.2,,False,240968,12.8
EH0000047,EX-02,excavator,SITE_C,2026-06-17,76,8873,445.1,4.67,3.8,88.0,3.17,3.2,4.1,,False,158324,31.7
EH0000048,EX-02,excavator,SITE_C,2026-06-18,76,8885,504.3,4.44,-1.4,87.8,4.82,-0.0,4.8,,False,143150,5.7
EH0000049,EX-02,excavator,SITE_C,2026-06-19,76,8899,367.5,4.55,1.2,82.0,4.0,4.1,1.7,,False,259930,28.2
EH0000050,EX-02,excavator,SITE_C,2026-06-20,76,8915,440.4,4.6,2.3,84.3,4.69,-1.4,7.6,,False,243196,15.1
EH0000051,EX-02,excavator,SITE_C,2026-06-21,76,8925,291.6,4.41,-2.0,85.3,4.54,2.5,3.3,,False,70355,4.8
EH0000052,EX-02,excavator,SITE_C,2026-06-22,76,8944,603.4,4.53,0.6,84.7,2.89,-2.5,6.2,,False,335735,21.1
EH0000053,EX-02,excavator,SITE_C,2026-06-23,76,8956,199.1,4.62,2.7,94.6,5.59,-0.9,7.8,,False,299747,22.2
EH0000054,EX-02,excavator,SITE_C,2026-06-24,76,8964,456.1,4.5,0.0,88.5,5.75,1.5,5.4,,False,195576,36.6
EH0000055,EX-02,excavator,SITE_C,2026-06-25,76,8981,262.8,4.42,-1.8,86.3,3.34,-0.7,3.3,,False,202993,10.6
EH0000056,EX-02,excavator,SITE_C,2026-06-26,76,8989,303.1,4.38,-2.7,85.4,4.18,-2.3,4.2,,False,122844,5.3
EH0000057,EX-02,excavator,SITE_C,2026-06-27,76,9006,590.4,4.65,3.4,93.6,1.66,-5.2,7.4,,False,41015,15.1
EH0000058,EX-02,excavator,SITE_C,2026-06-28,76,9019,544.8,4.53,0.6,88.2,1.92,-3.3,3.7,,False,145570,5.4
EH0000059,EX-02,excavator,SITE_C,2026-06-29,76,9029,424.4,4.53,0.7,91.8,6.35,5.7,6.2,,False,203273,15.1
EH0000060,EX-02,excavator,SITE_C,2026-06-30,76,9040,280.6,4.43,-1.5,90.1,4.28,-1.9,2.8,,False,76187,10.7
EH0000061,EX-03,excavator,SITE_A,2026-06-01,65,14734,315.4,4.52,0.5,92.7,6.48,6.1,6.4,,False,165917,35.1
EH0000062,EX-03,excavator,SITE_A,2026-06-02,65,14746,452.9,4.41,-2.0,90.7,2.77,-0.8,1.2,,False,121317,24.7
EH0000063,EX-03,excavator,SITE_A,2026-06-03,65,14764,220.0,4.5,0.1,91.1,4.26,0.7,5.5,,False,344462,15.9
EH0000064,EX-03,excavator,SITE_A,2026-06-04,65,14775,382.1,4.59,2.0,93.2,5.18,1.0,7.6,,False,165911,1.8
EH0000065,EX-03,excavator,SITE_A,2026-06-05,65,14793,285.7,4.37,-3.0,79.4,2.88,3.6,2.5,,False,251791,6.1
EH0000066,EX-03,excavator,SITE_A,2026-06-06,65,14808,361.1,4.53,0.7,93.7,3.78,-2.8,2.3,,False,68732,7.7
EH0000067,EX-03,excavator,SITE_A,2026-06-07,65,14816,415.1,4.43,-1.6,84.4,5.41,-1.7,1.6,,False,131865,27.6
EH0000068,EX-03,excavator,SITE_A,2026-06-08,65,14824,301.8,4.44,-1.4,92.5,5.05,0.6,7.1,,False,258803,8.4
EH0000069,EX-03,excavator,SITE_A,2026-06-09,65,14838,413.8,4.47,-0.6,91.0,1.56,-6.9,5.3,,False,186106,10.1
EH0000070,EX-03,excavator,SITE_A,2026-06-10,65,14857,227.2,4.55,1.2,86.1,4.22,0.9,4.6,,False,206926,4.2
EH0000071,EX-03,excavator,SITE_A,2026-06-11,65,14865,273.0,4.43,-1.5,83.9,2.65,1.7,4.9,,False,144592,13.7
EH0000072,EX-03,excavator,SITE_A,2026-06-12,65,14874,218.2,4.3,-4.4,87.7,4.23,-1.2,5.5,,False,121264,22.6
EH0000073,EX-03,excavator,SITE_A,2026-06-13,65,14883,287.5,4.37,-3.0,87.0,2.98,-3.4,7.3,,False,229728,0.3
EH0000074,EX-03,excavator,SITE_A,2026-06-14,65,14901,218.7,4.45,-1.2,92.5,1.84,-3.8,4.4,,False,164040,3.2
EH0000075,EX-03,excavator,SITE_A,2026-06-15,65,14914,355.1,4.28,-5.0,95.5,5.67,2.1,7.9,,False,278213,39.0
EH0000076,EX-03,excavator,SITE_A,2026-06-16,65,14923,425.0,4.66,3.6,88.3,3.1,-0.2,6.7,,False,177541,38.7
EH0000077,EX-03,excavator,SITE_A,2026-06-17,65,14942,230.5,4.42,-1.8,89.0,3.34,1.9,6.2,,False,303972,20.2
EH0000078,EX-03,excavator,SITE_A,2026-06-18,65,14955,328.1,4.48,-0.4,80.4,2.39,1.4,5.2,,False,341953,12.9
EH0000079,EX-03,excavator,SITE_A,2026-06-19,65,14963,231.3,4.45,-1.2,86.5,4.65,2.3,5.8,,False,82078,37.2
EH0000080,EX-03,excavator,SITE_A,2026-06-20,65,14982,346.9,4.53,0.7,94.7,4.71,-1.8,7.6,,False,177023,31.3
EH0000081,EX-03,excavator,SITE_A,2026-06-21,65,14992,252.3,4.55,1.1,92.7,4.87,2.1,6.6,,False,165501,14.4
EH0000082,EX-03,excavator,SITE_A,2026-06-22,65,15006,494.1,4.48,-0.5,94.2,4.78,2.8,6.7,,False,258134,17.5
EH0000083,EX-03,excavator,SITE_A,2026-06-23,65,15015,419.2,4.33,-3.7,94.3,4.8,3.0,3.7,,False,81157,37.6
EH0000084,EX-03,excavator,SITE_A,2026-06-24,65,15023,414.7,4.37,-3.0,94.1,5.49,3.4,2.0,,False,312933,30.1
EH0000085,EX-03,excavator,SITE_A,2026-06-25,65,15034,430.8,4.59,1.9,91.7,5.73,2.2,2.0,,False,214944,4.1
EH0000086,EX-03,excavator,SITE_A,2026-06-26,65,15045,354.8,4.3,-4.5,92.4,2.8,2.0,4.2,,False,54382,16.4
EH0000087,EX-03,excavator,SITE_A,2026-06-27,65,15063,332.1,4.62,2.7,81.3,6.23,6.0,6.0,,False,116325,9.1
EH0000088,EX-03,excavator,SITE_A,2026-06-28,65,15080,437.9,4.35,-3.4,87.1,4.27,-1.8,5.3,,False,228014,29.0
EH0000089,EX-03,excavator,SITE_A,2026-06-29,65,15092,585.9,4.42,-1.8,90.7,2.67,0.6,7.4,,False,236382,24.3
EH0000090,EX-03,excavator,SITE_A,2026-06-30,65,15105,580.7,4.64,3.2,80.2,2.79,-1.5,7.5,,False,172717,7.5
EH0000091,EX-04,excavator,SITE_B,2026-06-01,83,18450,507.5,4.73,5.1,81.7,5.31,1.6,3.8,,False,53224,4.6
EH0000092,EX-04,excavator,SITE_B,2026-06-02,83,18464,332.7,4.59,2.1,91.3,3.74,-0.7,7.5,,False,81914,18.1
EH0000093,EX-04,excavator,SITE_B,2026-06-03,83,18477,194.9,4.48,-0.5,83.6,5.04,-0.8,4.5,,False,306901,8.8
EH0000094,EX-04,excavator,SITE_B,2026-06-04,83,18493,245.4,4.51,0.2,85.5,1.89,-4.5,7.8,,False,246524,7.4
EH0000095,EX-04,excavator,SITE_B,2026-06-05,83,18503,272.4,4.41,-2.1,94.2,2.48,-3.4,3.8,,False,99676,25.0
EH0000096,EX-04,excavator,SITE_B,2026-06-06,83,18511,521.2,4.6,2.2,86.2,3.98,-1.2,5.1,,False,78000,16.0
EH0000097,EX-04,excavator,SITE_B,2026-06-07,83,18525,596.3,4.39,-2.4,84.7,3.14,0.6,2.3,,False,223675,32.0
EH0000098,EX-04,excavator,SITE_B,2026-06-08,83,18535,281.7,4.48,-0.5,90.1,2.39,3.1,4.9,,False,202552,32.0
EH0000099,EX-04,excavator,SITE_B,2026-06-09,83,18544,534.3,4.54,1.0,95.8,4.09,-3.2,2.7,,False,124458,38.5
EH0000100,EX-04,excavator,SITE_B,2026-06-10,83,18561,217.6,4.35,-3.4,81.7,1.84,-2.7,1.6,,False,207292,35.1
EH0000101,EX-04,excavator,SITE_B,2026-06-11,83,18573,330.4,4.62,2.7,82.7,3.81,2.9,7.4,,False,247990,10.7
EH0000102,EX-04,excavator,SITE_B,2026-06-12,83,18582,558.9,4.38,-2.6,82.0,6.43,5.3,4.9,,False,296713,22.6
EH0000103,EX-04,excavator,SITE_B,2026-06-13,83,18591,189.9,4.5,-0.0,82.8,4.27,1.0,2.3,,False,277804,16.1
EH0000104,EX-04,excavator,SITE_B,2026-06-14,83,18608,411.3,4.55,1.2,81.1,2.73,-3.6,4.0,,False,228456,11.0
EH0000105,EX-04,excavator,SITE_B,2026-06-15,83,18622,226.9,4.68,4.0,80.5,3.27,2.2,6.8,,False,121182,35.0
EH0000106,EX-04,excavator,SITE_B,2026-06-16,83,18636,432.2,4.64,3.2,93.1,4.09,4.7,5.7,,False,200445,20.8
EH0000107,EX-04,excavator,SITE_B,2026-06-17,83,18653,210.0,4.47,-0.7,93.1,3.81,0.6,5.2,,False,262320,28.9
EH0000108,EX-04,excavator,SITE_B,2026-06-18,83,18668,592.2,4.55,1.1,91.2,2.9,0.4,3.8,,False,277091,21.6
EH0000109,EX-04,excavator,SITE_B,2026-06-19,83,18686,442.6,4.53,0.6,84.0,5.0,-0.8,6.9,,False,172596,13.8
EH0000110,EX-04,excavator,SITE_B,2026-06-20,83,18701,371.3,4.41,-2.1,82.4,4.75,-5.3,5.9,,False,126123,27.8
EH0000111,EX-04,excavator,SITE_B,2026-06-21,83,18720,535.3,4.55,1.2,95.3,4.69,-4.7,3.5,,False,76408,17.8
EH0000112,EX-04,excavator,SITE_B,2026-06-22,83,18735,461.1,4.52,0.4,91.7,4.5,-4.0,7.1,,False,145423,34.0
EH0000113,EX-04,excavator,SITE_B,2026-06-23,83,18752,202.7,4.5,-0.1,90.1,1.68,-5.0,2.5,,False,69711,37.0
EH0000114,EX-04,excavator,SITE_B,2026-06-24,83,18764,501.7,4.52,0.5,81.5,2.08,-3.8,7.4,,False,81786,37.8
EH0000115,EX-04,excavator,SITE_B,2026-06-25,83,18773,409.9,4.6,2.3,89.6,4.58,-0.2,6.9,,False,161826,22.4
EH0000116,EX-04,excavator,SITE_B,2026-06-26,83,18790,498.9,4.59,2.0,79.2,3.24,-0.2,4.7,,False,308784,21.5
EH0000117,EX-04,excavator,SITE_B,2026-06-27,83,18807,565.7,4.61,2.5,85.5,4.1,2.5,4.6,,False,165341,0.0
EH0000118,EX-04,excavator,SITE_B,2026-06-28,83,18825,619.1,4.46,-0.9,84.3,4.71,-3.6,7.5,,False,113972,19.2
EH0000119,EX-04,excavator,SITE_B,2026-06-29,83,18841,328.0,4.36,-3.2,87.4,5.1,1.7,3.8,,False,256752,4.4
EH0000120,EX-04,excavator,SITE_B,2026-06-30,83,18853,198.5,4.38,-2.7,78.3,5.67,-2.8,3.1,,False,206472,4.4
EH0000121,EX-05,excavator,SITE_C,2026-06-01,90,7432,219.3,4.41,-2.1,85.5,5.72,2.0,7.6,,False,168301,24.0
EH0000122,EX-05,excavator,SITE_C,2026-06-02,90,7445,447.4,4.49,-0.2,87.2,2.94,0.2,3.8,,False,101665,15.4
EH0000123,EX-05,excavator,SITE_C,2026-06-03,90,7459,568.9,4.54,0.9,94.7,6.13,1.5,5.4,,False,328316,10.4
EH0000124,EX-05,excavator,SITE_C,2026-06-04,90,7469,539.0,4.33,-3.7,82.0,3.85,9.5,8.0,,False,230792,35.8
EH0000125,EX-05,excavator,SITE_C,2026-06-05,90,7487,237.0,4.49,-0.3,94.0,6.16,3.4,3.7,,False,328075,1.4
EH0000126,EX-05,excavator,SITE_C,2026-06-06,90,7496,359.7,4.54,1.0,84.7,2.98,-0.6,6.1,,False,175044,2.0
EH0000127,EX-05,excavator,SITE_C,2026-06-07,90,7515,213.5,4.55,1.1,93.3,3.99,0.1,1.8,,False,42396,36.3
EH0000128,EX-05,excavator,SITE_C,2026-06-08,90,7523,566.6,4.67,3.7,92.4,4.88,2.5,4.8,,False,145228,33.5
EH0000129,EX-05,excavator,SITE_C,2026-06-09,90,7536,263.3,4.59,2.1,93.9,6.2,3.5,5.3,,False,108344,1.2
EH0000130,EX-05,excavator,SITE_C,2026-06-10,90,7550,250.7,4.49,-0.3,92.7,5.37,0.4,3.3,,False,132124,10.3
EH0000131,EX-05,excavator,SITE_C,2026-06-11,90,7559,459.0,4.56,1.3,87.7,4.55,-5.7,1.8,,False,242053,11.3
EH0000132,EX-05,excavator,SITE_C,2026-06-12,90,7578,458.4,4.5,-0.1,94.8,2.31,-1.0,6.9,,False,243667,27.5
EH0000133,EX-05,excavator,SITE_C,2026-06-13,90,7591,491.8,4.48,-0.4,86.5,2.11,-1.2,6.0,,False,194893,38.9
EH0000134,EX-05,excavator,SITE_C,2026-06-14,90,7609,541.5,4.53,0.7,84.7,5.12,-1.6,1.2,,False,329226,27.3
EH0000135,EX-05,excavator,SITE_C,2026-06-15,90,7617,225.0,4.35,-3.4,93.4,3.99,-1.2,8.0,,False,188554,8.8
EH0000136,EX-05,excavator,SITE_C,2026-06-16,90,7635,561.9,4.52,0.5,95.3,1.96,-1.7,5.6,,False,335900,37.7
EH0000137,EX-05,excavator,SITE_C,2026-06-17,90,7651,374.6,4.67,3.7,83.6,2.96,-3.2,3.8,,False,286693,9.2
EH0000138,EX-05,excavator,SITE_C,2026-06-18,90,7669,606.0,4.39,-2.5,81.3,5.9,4.3,7.1,,False,245390,18.1
EH0000139,EX-05,excavator,SITE_C,2026-06-19,90,7688,194.3,4.47,-0.7,94.6,4.48,0.1,6.6,,False,162413,18.5
EH0000140,EX-05,excavator,SITE_C,2026-06-20,90,7704,250.8,4.37,-2.9,89.7,3.48,1.8,4.9,,False,271809,31.9
EH0000141,EX-05,excavator,SITE_C,2026-06-21,90,7713,479.4,4.46,-0.9,85.1,5.33,-5.7,1.1,,False,197215,26.3
EH0000142,EX-05,excavator,SITE_C,2026-06-22,90,7729,286.5,4.52,0.5,95.8,2.71,1.4,6.2,,False,282997,24.7
EH0000143,EX-05,excavator,SITE_C,2026-06-23,90,7748,211.9,4.54,1.0,87.6,6.06,5.3,1.1,,False,259724,3.1
EH0000144,EX-05,excavator,SITE_C,2026-06-24,90,7765,532.3,4.41,-2.0,81.6,2.59,-0.8,5.0,,False,91047,25.5
EH0000145,EX-05,excavator,SITE_C,2026-06-25,90,7774,455.1,4.66,3.6,92.1,4.56,1.1,7.1,,False,140734,3.2
EH0000146,EX-05,excavator,SITE_C,2026-06-26,90,7791,391.6,4.51,0.2,78.7,2.95,2.9,6.7,,False,76877,3.3
EH0000147,EX-05,excavator,SITE_C,2026-06-27,90,7805,199.2,4.41,-2.1,80.9,1.92,-1.6,6.5,,False,318226,9.1
EH0000148,EX-05,excavator,SITE_C,2026-06-28,90,7818,193.5,4.4,-2.3,82.6,4.02,1.7,5.8,,False,99321,29.7
EH0000149,EX-05,excavator,SITE_C,2026-06-29,90,7829,402.1,4.33,-3.7,87.8,3.79,-2.7,3.6,,False,236200,17.5
EH0000150,EX-05,excavator,SITE_C,2026-06-30,90,7838,528.9,4.49,-0.2,89.8,6.5,5.3,7.1,,False,216313,36.5
EH0000151,EX-06,excavator,SITE_A,2026-06-01,92,4707,237.9,4.44,-1.3,90.9,4.95,-6.9,6.9,,False,237133,38.9
EH0000152,EX-06,excavator,SITE_A,2026-06-02,92,4720,563.1,4.53,0.6,86.0,3.97,-0.9,4.4,,False,141459,23.7
EH0000153,EX-06,excavator,SITE_A,2026-06-03,92,4729,557.5,4.47,-0.7,78.2,4.01,-3.4,7.8,,False,101367,15.9
EH0000154,EX-06,excavator,SITE_A,2026-06-04,92,4742,254.7,4.43,-1.5,87.4,3.12,-2.3,7.2,,False,151453,5.8
EH0000155,EX-06,excavator,SITE_A,2026-06-05,92,4758,253.5,4.7,4.4,81.0,1.77,-3.8,7.6,,False,222958,26.6
EH0000156,EX-06,excavator,SITE_A,2026-06-06,92,4777,560.3,4.61,2.4,88.0,4.13,-0.3,6.6,,False,74707,10.8
EH0000157,EX-06,excavator,SITE_A,2026-06-07,92,4785,233.7,4.5,0.1,86.1,5.53,-2.1,7.6,,False,200928,20.3
EH0000158,EX-06,excavator,SITE_A,2026-06-08,92,4803,395.1,4.58,1.8,90.0,2.66,1.0,4.2,,False,325055,5.3
EH0000159,EX-06,excavator,SITE_A,2026-06-09,92,4817,475.9,4.43,-1.5,86.0,5.62,1.5,2.3,,False,150677,10.2
EH0000160,EX-06,excavator,SITE_A,2026-06-10,92,4834,562.3,4.49,-0.2,88.3,2.11,-0.1,2.7,,False,213895,31.8
EH0000161,EX-06,excavator,SITE_A,2026-06-11,92,4846,473.5,4.52,0.4,88.4,3.62,2.3,7.6,,False,143409,24.2
EH0000162,EX-06,excavator,SITE_A,2026-06-12,92,4862,219.8,4.57,1.6,83.2,2.32,-1.2,8.0,,False,272549,13.1
EH0000163,EX-06,excavator,SITE_A,2026-06-13,92,4878,319.6,4.59,2.1,93.6,3.67,1.7,6.3,,False,278389,26.0
EH0000164,EX-06,excavator,SITE_A,2026-06-14,92,4890,347.4,4.6,2.2,87.9,3.95,-4.4,5.3,,False,179999,14.9
EH0000165,EX-06,excavator,SITE_A,2026-06-15,92,4906,347.1,4.65,3.3,93.5,4.38,3.0,5.3,,False,280069,36.6
EH0000166,EX-06,excavator,SITE_A,2026-06-16,92,4917,447.5,4.51,0.2,91.8,4.9,-3.5,2.7,,False,198059,38.2
EH0000167,EX-06,excavator,SITE_A,2026-06-17,92,4928,591.2,4.48,-0.5,84.3,2.53,1.2,7.5,,False,177084,24.7
EH0000168,EX-06,excavator,SITE_A,2026-06-18,92,4947,417.2,4.68,4.1,83.6,4.52,0.8,7.5,,False,52289,10.9
EH0000169,EX-06,excavator,SITE_A,2026-06-19,92,4966,259.8,4.41,-2.0,87.5,4.77,-0.7,2.3,,False,320887,31.7
EH0000170,EX-06,excavator,SITE_A,2026-06-20,92,4985,199.1,4.43,-1.6,89.4,5.76,-0.5,6.7,,False,251830,25.5
EH0000171,EX-06,excavator,SITE_A,2026-06-21,92,5002,256.9,4.73,5.1,84.5,5.74,1.2,6.6,,False,242903,14.1
EH0000172,EX-06,excavator,SITE_A,2026-06-22,92,5012,554.5,4.57,1.5,90.1,5.03,-2.1,2.9,,False,274386,25.0
EH0000173,EX-06,excavator,SITE_A,2026-06-23,92,5022,562.5,4.7,4.4,86.5,3.77,-3.7,2.2,,False,108388,25.7
EH0000174,EX-06,excavator,SITE_A,2026-06-24,92,5038,398.6,4.59,1.9,95.8,3.21,6.6,2.6,,False,297681,16.2
EH0000175,EX-06,excavator,SITE_A,2026-06-25,92,5052,330.1,4.65,3.4,92.7,4.24,-1.7,5.8,,False,336037,23.1
EH0000176,EX-06,excavator,SITE_A,2026-06-26,92,5060,442.1,4.46,-0.8,85.2,3.41,-0.6,1.6,,False,274565,14.2
EH0000177,EX-06,excavator,SITE_A,2026-06-27,92,5072,210.8,4.5,0.1,89.5,2.85,-2.3,1.5,,False,205575,26.0
EH0000178,EX-06,excavator,SITE_A,2026-06-28,92,5085,203.0,4.32,-4.0,84.8,3.56,1.1,3.3,,False,296353,17.9
EH0000179,EX-06,excavator,SITE_A,2026-06-29,92,5097,257.1,4.58,1.7,90.4,2.26,-5.4,1.6,,False,302351,16.4
EH0000180,EX-06,excavator,SITE_A,2026-06-30,92,5116,611.7,4.61,2.5,86.5,3.44,-0.9,1.0,,False,142747,39.0
EH0000181,EX-07,excavator,SITE_B,2026-06-01,12,4203,293.1,4.61,2.4,92.2,5.5,0.4,95.0,Hydraulic seal,True,116559,20.3
EH0000182,EX-07,excavator,SITE_B,2026-06-02,12,4219,218.6,4.47,-0.6,94.9,4.1,-1.2,95.0,Hydraulic seal,True,78067,11.2
EH0000183,EX-07,excavator,SITE_B,2026-06-03,12,4238,554.6,4.54,0.9,81.8,5.56,-1.6,95.0,Hydraulic seal,True,183401,21.6
EH0000184,EX-07,excavator,SITE_B,2026-06-04,12,4251,242.2,4.63,3.0,81.8,5.6,3.3,95.0,Hydraulic seal,True,118222,16.1
EH0000185,EX-07,excavator,SITE_B,2026-06-05,12,4262,432.1,4.55,1.1,94.8,4.03,-2.7,95.0,Hydraulic seal,True,69984,36.9
EH0000186,EX-07,excavator,SITE_B,2026-06-06,12,4273,401.1,4.72,4.9,85.2,2.5,-0.9,95.0,Hydraulic seal,True,288289,2.7
EH0000187,EX-07,excavator,SITE_B,2026-06-07,12,4292,317.2,4.5,0.1,87.1,3.92,1.6,95.0,Hydraulic seal,True,75262,25.6
EH0000188,EX-07,excavator,SITE_B,2026-06-08,12,4302,350.0,4.55,1.1,88.2,2.39,-3.8,95.0,Hydraulic seal,True,290497,19.4
EH0000189,EX-07,excavator,SITE_B,2026-06-09,12,4316,285.2,4.56,1.3,80.6,2.9,4.1,95.0,Hydraulic seal,True,265469,10.6
EH0000190,EX-07,excavator,SITE_B,2026-06-10,12,4327,618.5,4.55,1.1,92.7,4.18,-2.8,95.0,Hydraulic seal,True,239900,25.0
EH0000191,EX-07,excavator,SITE_B,2026-06-11,12,4338,358.1,4.27,-5.1,89.8,3.7,2.8,95.0,Hydraulic seal,True,328859,19.3
EH0000192,EX-07,excavator,SITE_B,2026-06-12,12,4352,363.1,4.46,-0.8,86.7,1.73,-3.5,95.0,Hydraulic seal,True,244366,23.3
EH0000193,EX-07,excavator,SITE_B,2026-06-13,12,4364,547.1,4.41,-2.0,89.3,2.97,1.7,95.0,Hydraulic seal,True,218148,38.4
EH0000194,EX-07,excavator,SITE_B,2026-06-14,12,4376,551.5,4.41,-2.0,79.8,3.94,-0.1,95.0,Hydraulic seal,True,144131,34.6
EH0000195,EX-07,excavator,SITE_B,2026-06-15,12,4387,558.2,4.57,1.5,85.1,5.45,-3.7,95.0,Hydraulic seal,True,93352,4.1
EH0000196,EX-07,excavator,SITE_B,2026-06-16,12,4395,550.0,4.54,0.9,78.7,5.66,0.5,95.0,Hydraulic seal,True,261972,33.0
EH0000197,EX-07,excavator,SITE_B,2026-06-17,12,4403,450.1,4.28,-4.9,79.2,4.04,-0.3,95.0,Hydraulic seal,True,136722,4.2
EH0000198,EX-07,excavator,SITE_B,2026-06-18,12,4418,217.3,4.5,-0.1,90.9,2.37,0.8,95.0,Hydraulic seal,True,129570,0.5
EH0000199,EX-07,excavator,SITE_B,2026-06-19,12,4428,471.0,4.38,-2.7,81.3,2.41,-2.9,95.0,Hydraulic seal,True,69956,22.0
EH0000200,EX-07,excavator,SITE_B,2026-06-20,12,4436,310.0,4.43,-1.6,91.8,4.46,-0.4,95.0,Hydraulic seal,True,262146,4.9
EH0000201,EX-07,excavator,SITE_B,2026-06-21,12,4453,390.4,4.62,2.7,94.1,3.46,1.7,95.0,Hydraulic seal,True,319297,24.1
EH0000202,EX-07,excavator,SITE_B,2026-06-22,12,4472,248.9,4.64,3.1,78.8,2.59,1.5,95.0,Hydraulic seal,True,129489,9.0
EH0000203,EX-07,excavator,SITE_B,2026-06-23,12,4488,252.0,4.41,-2.1,82.9,5.12,-5.9,95.0,Hydraulic seal,True,124080,25.8
EH0000204,EX-07,excavator,SITE_B,2026-06-24,12,4496,293.7,4.58,1.7,87.8,4.37,-1.7,95.0,Hydraulic seal,True,55997,33.7
EH0000205,EX-07,excavator,SITE_B,2026-06-25,12,4514,320.8,4.58,1.8,91.6,3.3,2.2,95.0,Hydraulic seal,True,63387,1.7
EH0000206,EX-07,excavator,SITE_B,2026-06-26,12,4532,604.7,4.49,-0.2,86.8,2.57,-0.3,95.0,Hydraulic seal,True,97804,16.5
EH0000207,EX-07,excavator,SITE_B,2026-06-27,12,4545,428.6,4.57,1.6,90.4,5.75,2.6,95.0,Hydraulic seal,True,301486,35.1
EH0000208,EX-07,excavator,SITE_B,2026-06-28,12,4560,288.5,4.39,-2.4,91.1,5.9,-0.7,95.0,Hydraulic seal,True,284839,7.8
EH0000209,EX-07,excavator,SITE_B,2026-06-29,12,4572,502.6,4.53,0.7,89.1,3.0,2.5,95.0,Hydraulic seal,True,202728,15.0
EH0000210,EX-07,excavator,SITE_B,2026-06-30,12,4589,195.5,4.65,3.3,91.4,3.6,7.9,95.0,Hydraulic seal,True,322017,30.3
EH0000211,EX-08,excavator,SITE_C,2026-06-01,80,14507,400.9,4.42,-1.8,80.2,3.41,-1.3,3.1,,False,274627,28.9
EH0000212,EX-08,excavator,SITE_C,2026-06-02,80,14519,180.8,4.52,0.4,81.2,2.4,2.8,3.7,,False,104429,14.2
EH0000213,EX-08,excavator,SITE_C,2026-06-03,80,14534,225.8,4.45,-1.1,82.1,5.58,7.7,5.5,,False,338871,24.1
EH0000214,EX-08,excavator,SITE_C,2026-06-04,80,14553,321.7,4.59,2.0,89.5,2.78,1.8,2.9,,False,82092,29.8
EH0000215,EX-08,excavator,SITE_C,2026-06-05,80,14567,503.6,4.51,0.2,82.2,3.88,3.9,3.6,,False,221360,23.9
EH0000216,EX-08,excavator,SITE_C,2026-06-06,80,14578,398.3,4.52,0.4,81.2,4.91,1.7,3.9,,False,201326,33.6
EH0000217,EX-08,excavator,SITE_C,2026-06-07,80,14594,428.8,4.61,2.4,95.6,2.08,-5.8,5.1,,False,283306,1.0
EH0000218,EX-08,excavator,SITE_C,2026-06-08,80,14604,593.9,4.45,-1.1,82.7,3.95,2.3,4.6,,False,252978,15.1
EH0000219,EX-08,excavator,SITE_C,2026-06-09,80,14616,490.6,4.37,-2.8,89.4,1.36,-8.4,4.0,,False,45105,36.4
EH0000220,EX-08,excavator,SITE_C,2026-06-10,80,14632,600.9,4.48,-0.5,79.2,1.93,-3.0,7.5,,False,180629,10.5
EH0000221,EX-08,excavator,SITE_C,2026-06-11,80,14645,368.7,4.53,0.7,93.2,3.0,-0.7,2.7,,False,81800,19.5
EH0000222,EX-08,excavator,SITE_C,2026-06-12,80,14654,502.3,4.28,-4.8,87.9,2.78,2.7,3.4,,False,278511,37.5
EH0000223,EX-08,excavator,SITE_C,2026-06-13,80,14670,397.6,4.49,-0.2,95.6,2.4,-1.8,2.8,,False,289430,7.9
EH0000224,EX-08,excavator,SITE_C,2026-06-14,80,14689,333.8,4.38,-2.7,80.1,3.32,7.2,7.8,,False,131006,10.0
EH0000225,EX-08,excavator,SITE_C,2026-06-15,80,14698,357.8,4.52,0.4,87.8,5.51,3.4,4.7,,False,85232,21.7
EH0000226,EX-08,excavator,SITE_C,2026-06-16,80,14710,242.0,4.49,-0.2,90.0,2.61,-2.5,4.4,,False,161673,18.5
EH0000227,EX-08,excavator,SITE_C,2026-06-17,80,14725,526.3,4.66,3.5,80.0,3.11,-3.1,4.8,,False,188066,2.1
EH0000228,EX-08,excavator,SITE_C,2026-06-18,80,14736,419.7,4.44,-1.3,91.7,5.2,1.8,2.8,,False,45774,8.2
EH0000229,EX-08,excavator,SITE_C,2026-06-19,80,14753,510.3,4.47,-0.7,88.0,4.36,1.5,4.2,,False,193335,18.6
EH0000230,EX-08,excavator,SITE_C,2026-06-20,80,14766,343.7,4.51,0.2,86.1,3.85,2.6,4.5,,False,143850,31.0
EH0000231,EX-08,excavator,SITE_C,2026-06-21,80,14777,301.6,4.33,-3.7,83.6,4.63,0.6,6.5,,False,211918,36.6
EH0000232,EX-08,excavator,SITE_C,2026-06-22,80,14796,253.1,4.39,-2.4,89.0,3.49,0.4,5.9,,False,250545,6.8
EH0000233,EX-08,excavator,SITE_C,2026-06-23,80,14811,573.4,4.73,5.1,89.8,2.66,0.5,1.2,,False,107843,31.9
EH0000234,EX-08,excavator,SITE_C,2026-06-24,80,14819,363.8,4.53,0.7,95.7,4.51,-1.6,3.2,,False,159052,12.9
EH0000235,EX-08,excavator,SITE_C,2026-06-25,80,14829,412.1,4.42,-1.7,90.9,5.67,1.1,5.8,,False,301501,15.2
EH0000236,EX-08,excavator,SITE_C,2026-06-26,80,14848,318.3,4.54,1.0,86.5,5.22,-0.7,1.8,,False,197547,12.6
EH0000237,EX-08,excavator,SITE_C,2026-06-27,80,14865,287.5,4.57,1.5,80.0,2.18,-1.7,7.2,,False,65556,16.8
EH0000238,EX-08,excavator,SITE_C,2026-06-28,80,14883,466.5,4.52,0.5,89.2,3.54,1.3,2.3,,False,112516,32.2
EH0000239,EX-08,excavator,SITE_C,2026-06-29,80,14892,323.0,4.46,-1.0,90.4,2.48,2.0,1.2,,False,116229,34.2
EH0000240,EX-08,excavator,SITE_C,2026-06-30,80,14902,485.4,4.55,1.2,87.2,3.08,-1.4,3.0,,False,142932,1.3
EH0000241,EX-09,excavator,SITE_A,2026-06-01,82,6983,517.1,4.63,2.9,92.2,4.51,-1.5,7.3,,False,181521,26.0
EH0000242,EX-09,excavator,SITE_A,2026-06-02,82,6994,347.9,4.46,-0.8,80.3,3.31,-3.4,3.7,,False,52109,19.2
EH0000243,EX-09,excavator,SITE_A,2026-06-03,82,7007,303.2,4.5,-0.1,93.5,3.08,-0.9,1.2,,False,55282,33.0
EH0000244,EX-09,excavator,SITE_A,2026-06-04,82,7023,314.1,4.58,1.7,92.9,3.28,1.5,7.9,,False,96307,4.5
EH0000245,EX-09,excavator,SITE_A,2026-06-05,82,7039,185.5,4.53,0.7,86.4,3.76,5.5,1.7,,False,135028,11.9
EH0000246,EX-09,excavator,SITE_A,2026-06-06,82,7050,566.0,4.59,2.1,93.8,3.06,-2.6,1.3,,False,103095,7.4
EH0000247,EX-09,excavator,SITE_A,2026-06-07,82,7069,436.4,4.49,-0.2,95.9,5.37,-0.5,6.6,,False,89812,2.5
EH0000248,EX-09,excavator,SITE_A,2026-06-08,82,7085,580.2,4.53,0.7,90.0,5.67,3.5,1.8,,False,99871,22.9
EH0000249,EX-09,excavator,SITE_A,2026-06-09,82,7104,384.4,4.26,-5.4,80.5,3.56,2.0,3.2,,False,167795,17.7
EH0000250,EX-09,excavator,SITE_A,2026-06-10,82,7114,284.5,4.64,3.2,87.2,2.81,3.9,5.1,,False,70795,19.5
EH0000251,EX-09,excavator,SITE_A,2026-06-11,82,7128,612.9,4.54,0.8,82.8,3.67,0.4,5.2,,False,42261,10.2
EH0000252,EX-09,excavator,SITE_A,2026-06-12,82,7143,285.1,4.46,-0.9,86.5,3.14,-6.6,1.3,,False,344748,19.3
EH0000253,EX-09,excavator,SITE_A,2026-06-13,82,7158,440.0,4.54,0.9,87.7,5.05,-3.7,3.0,,False,290736,8.8
EH0000254,EX-09,excavator,SITE_A,2026-06-14,82,7175,309.1,4.6,2.2,94.8,3.42,-1.7,5.0,,False,283236,11.4
EH0000255,EX-09,excavator,SITE_A,2026-06-15,82,7189,564.7,4.51,0.3,86.9,5.21,4.0,7.2,,False,121554,18.0
EH0000256,EX-09,excavator,SITE_A,2026-06-16,82,7201,293.6,4.63,3.0,90.1,2.98,-2.1,7.2,,False,235161,38.2
EH0000257,EX-09,excavator,SITE_A,2026-06-17,82,7215,197.8,4.46,-1.0,93.7,3.07,0.4,2.8,,False,78211,15.4
EH0000258,EX-09,excavator,SITE_A,2026-06-18,82,7234,421.8,4.31,-4.3,94.2,3.4,-2.2,1.8,,False,195378,14.2
EH0000259,EX-09,excavator,SITE_A,2026-06-19,82,7243,570.7,4.51,0.3,88.8,4.14,1.3,5.8,,False,104200,24.5
EH0000260,EX-09,excavator,SITE_A,2026-06-20,82,7252,413.2,4.54,0.8,92.9,6.16,1.9,1.8,,False,324929,0.5
EH0000261,EX-09,excavator,SITE_A,2026-06-21,82,7269,580.5,4.35,-3.4,92.5,2.67,-1.9,4.4,,False,276440,29.2
EH0000262,EX-09,excavator,SITE_A,2026-06-22,82,7278,357.7,4.59,1.9,79.4,4.3,1.3,5.8,,False,246821,31.6
EH0000263,EX-09,excavator,SITE_A,2026-06-23,82,7297,434.9,4.63,2.8,91.7,2.32,-0.8,6.8,,False,55434,23.3
EH0000264,EX-09,excavator,SITE_A,2026-06-24,82,7305,411.4,4.62,2.6,87.2,2.16,-5.0,5.9,,False,108803,1.8
EH0000265,EX-09,excavator,SITE_A,2026-06-25,82,7315,329.9,4.52,0.5,79.3,3.01,-6.3,3.7,,False,298864,4.1
EH0000266,EX-09,excavator,SITE_A,2026-06-26,82,7330,614.7,4.51,0.2,86.2,5.11,3.6,6.9,,False,254892,38.9
EH0000267,EX-09,excavator,SITE_A,2026-06-27,82,7343,587.3,4.4,-2.2,85.5,3.61,0.3,1.7,,False,155598,19.5
EH0000268,EX-09,excavator,SITE_A,2026-06-28,82,7362,318.1,4.5,0.1,94.0,4.39,-0.2,3.6,,False,242747,21.8
EH0000269,EX-09,excavator,SITE_A,2026-06-29,82,7370,349.6,4.52,0.4,84.1,3.94,-2.3,2.1,,False,42352,21.3
EH0000270,EX-09,excavator,SITE_A,2026-06-30,82,7380,313.0,4.46,-1.0,82.7,2.58,-2.0,6.9,,False,170544,20.3
EH0000271,EX-10,excavator,SITE_B,2026-06-01,62,21583,619.9,4.32,-4.0,80.7,5.49,2.2,5.1,,False,184355,16.1
EH0000272,EX-10,excavator,SITE_B,2026-06-02,62,21595,501.6,4.6,2.2,80.7,6.0,5.9,5.3,,False,337572,21.7
EH0000273,EX-10,excavator,SITE_B,2026-06-03,62,21614,196.7,4.52,0.5,91.4,4.34,1.4,4.7,,False,47684,31.8
EH0000274,EX-10,excavator,SITE_B,2026-06-04,62,21622,597.6,4.55,1.2,87.2,2.26,-1.1,7.6,,False,135071,19.7
EH0000275,EX-10,excavator,SITE_B,2026-06-05,62,21637,374.1,4.49,-0.2,88.9,5.09,-5.8,4.7,,False,76593,29.0
EH0000276,EX-10,excavator,SITE_B,2026-06-06,62,21648,534.9,4.49,-0.2,86.6,6.27,2.9,4.1,,False,140167,34.2
EH0000277,EX-10,excavator,SITE_B,2026-06-07,62,21658,317.2,4.6,2.3,82.6,2.06,-0.6,7.3,,False,64045,8.8
EH0000278,EX-10,excavator,SITE_B,2026-06-08,62,21671,498.0,4.58,1.8,90.5,2.78,2.4,7.5,,False,302420,14.3
EH0000279,EX-10,excavator,SITE_B,2026-06-09,62,21687,529.1,4.44,-1.3,95.8,3.06,2.6,2.5,,False,124761,33.1
EH0000280,EX-10,excavator,SITE_B,2026-06-10,62,21699,182.5,4.57,1.5,94.9,5.44,1.5,6.2,,False,51390,35.4
EH0000281,EX-10,excavator,SITE_B,2026-06-11,62,21708,214.2,4.45,-1.2,85.3,3.72,0.9,3.8,,False,321954,22.0
EH0000282,EX-10,excavator,SITE_B,2026-06-12,62,21718,409.9,4.6,2.2,83.4,2.87,5.6,5.9,,False,99766,33.7
EH0000283,EX-10,excavator,SITE_B,2026-06-13,62,21735,357.3,4.49,-0.3,83.3,2.44,-4.9,2.0,,False,301570,32.1
EH0000284,EX-10,excavator,SITE_B,2026-06-14,62,21749,389.6,4.49,-0.3,82.1,4.77,2.1,7.3,,False,162258,14.3
EH0000285,EX-10,excavator,SITE_B,2026-06-15,62,21763,561.5,4.42,-1.7,86.2,5.39,1.0,7.2,,False,65235,27.3
EH0000286,EX-10,excavator,SITE_B,2026-06-16,62,21778,307.6,4.57,1.6,88.1,2.19,-2.9,6.8,,False,227450,31.0
EH0000287,EX-10,excavator,SITE_B,2026-06-17,62,21787,542.5,4.5,-0.1,91.0,2.56,-5.3,3.0,,False,94238,7.6
EH0000288,EX-10,excavator,SITE_B,2026-06-18,62,21795,207.6,4.56,1.4,93.1,2.3,2.8,5.2,,False,120811,29.6
EH0000289,EX-10,excavator,SITE_B,2026-06-19,62,21805,428.6,4.44,-1.3,93.6,4.2,-0.9,3.5,,False,153550,37.7
EH0000290,EX-10,excavator,SITE_B,2026-06-20,62,21815,219.3,4.33,-3.8,90.4,3.62,-3.6,7.6,,False,132122,33.8
EH0000291,EX-10,excavator,SITE_B,2026-06-21,62,21833,473.2,4.42,-1.7,95.4,5.16,1.2,2.8,,False,151022,37.8
EH0000292,EX-10,excavator,SITE_B,2026-06-22,62,21845,201.2,4.48,-0.4,84.5,5.31,-5.2,5.4,,False,190043,34.6
EH0000293,EX-10,excavator,SITE_B,2026-06-23,62,21855,342.7,4.41,-2.0,78.9,5.05,-0.2,5.4,,False,42257,22.1
EH0000294,EX-10,excavator,SITE_B,2026-06-24,62,21868,387.8,4.64,3.2,93.8,2.67,-1.9,3.6,,False,254764,11.8
EH0000295,EX-10,excavator,SITE_B,2026-06-25,62,21887,608.8,4.54,0.8,78.9,4.46,-2.7,6.2,,False,102261,8.0
EH0000296,EX-10,excavator,SITE_B,2026-06-26,62,21903,542.3,4.47,-0.7,92.1,4.36,1.8,3.6,,False,97134,33.4
EH0000297,EX-10,excavator,SITE_B,2026-06-27,62,21916,413.6,4.48,-0.5,88.7,1.74,-3.0,4.5,,False,172473,20.8
EH0000298,EX-10,excavator,SITE_B,2026-06-28,62,21924,409.4,4.39,-2.4,95.6,2.83,3.3,6.4,,False,111354,15.3
EH0000299,EX-10,excavator,SITE_B,2026-06-29,62,21936,330.4,4.4,-2.3,91.3,2.75,-1.4,4.0,,False,101240,14.9
EH0000300,EX-10,excavator,SITE_B,2026-06-30,62,21952,420.7,4.51,0.3,92.9,4.44,0.2,6.9,,False,68151,18.3
EH0000301,EX-11,excavator,SITE_C,2026-06-01,90,5835,388.5,4.53,0.6,79.0,5.87,0.4,5.2,,False,138934,31.4
EH0000302,EX-11,excavator,SITE_C,2026-06-02,90,5854,521.8,4.5,0.0,81.7,4.97,0.7,7.7,,False,279977,35.8
EH0000303,EX-11,excavator,SITE_C,2026-06-03,90,5866,412.0,4.46,-0.9,94.3,2.92,2.6,2.9,,False,114218,32.4
EH0000304,EX-11,excavator,SITE_C,2026-06-04,90,5882,571.7,4.49,-0.3,90.7,2.37,1.2,6.1,,False,318385,0.3
EH0000305,EX-11,excavator,SITE_C,2026-06-05,90,5891,312.8,4.42,-1.7,91.7,4.05,6.3,1.9,,False,275796,38.5
EH0000306,EX-11,excavator,SITE_C,2026-06-06,90,5908,259.3,4.56,1.3,86.3,4.3,0.6,6.3,,False,340549,17.8
EH0000307,EX-11,excavator,SITE_C,2026-06-07,90,5921,227.9,4.54,0.9,89.5,4.1,1.1,2.7,,False,288503,28.5
EH0000308,EX-11,excavator,SITE_C,2026-06-08,90,5937,584.5,4.5,0.1,81.2,2.96,1.0,2.8,,False,168389,7.6
EH0000309,EX-11,excavator,SITE_C,2026-06-09,90,5954,389.8,4.54,0.9,90.9,3.0,0.1,6.3,,False,133783,30.5
EH0000310,EX-11,excavator,SITE_C,2026-06-10,90,5965,337.1,4.53,0.6,94.7,3.23,3.2,6.8,,False,195604,8.9
EH0000311,EX-11,excavator,SITE_C,2026-06-11,90,5983,291.7,4.58,1.8,82.4,3.47,-1.4,6.1,,False,108323,11.6
EH0000312,EX-11,excavator,SITE_C,2026-06-12,90,5999,514.8,4.57,1.5,84.7,3.52,-0.5,8.0,,False,148125,36.7
EH0000313,EX-11,excavator,SITE_C,2026-06-13,90,6008,616.7,4.51,0.2,85.0,4.48,1.8,3.5,,False,103811,33.9
EH0000314,EX-11,excavator,SITE_C,2026-06-14,90,6016,257.1,4.54,1.0,93.6,3.33,2.0,2.6,,False,124700,17.3
EH0000315,EX-11,excavator,SITE_C,2026-06-15,90,6035,513.9,4.54,1.0,83.1,3.92,5.1,4.0,,False,260462,36.2
EH0000316,EX-11,excavator,SITE_C,2026-06-16,90,6049,389.6,4.47,-0.6,87.0,3.15,3.3,6.3,,False,322844,10.2
EH0000317,EX-11,excavator,SITE_C,2026-06-17,90,6065,340.3,4.57,1.5,83.3,5.03,-4.9,1.2,,False,218048,16.4
EH0000318,EX-11,excavator,SITE_C,2026-06-18,90,6074,520.5,4.54,0.9,84.3,5.42,1.2,3.3,,False,187745,35.0
EH0000319,EX-11,excavator,SITE_C,2026-06-19,90,6086,352.4,4.34,-3.6,87.8,4.23,1.0,4.0,,False,305976,2.5
EH0000320,EX-11,excavator,SITE_C,2026-06-20,90,6100,313.8,4.62,2.7,83.5,2.67,-2.5,2.4,,False,78578,2.1
EH0000321,EX-11,excavator,SITE_C,2026-06-21,90,6111,506.4,4.45,-1.2,93.3,3.4,-2.9,6.1,,False,232029,13.0
EH0000322,EX-11,excavator,SITE_C,2026-06-22,90,6129,619.8,4.58,1.7,85.3,3.05,1.7,2.3,,False,176213,15.7
EH0000323,EX-11,excavator,SITE_C,2026-06-23,90,6146,492.1,4.66,3.5,81.0,5.41,2.9,1.5,,False,179784,10.8
EH0000324,EX-11,excavator,SITE_C,2026-06-24,90,6157,458.2,4.47,-0.6,80.3,4.93,6.9,3.5,,False,299904,28.3
EH0000325,EX-11,excavator,SITE_C,2026-06-25,90,6171,383.2,4.39,-2.4,94.6,4.73,-0.5,2.3,,False,73276,34.5
EH0000326,EX-11,excavator,SITE_C,2026-06-26,90,6184,327.7,4.58,1.7,95.6,5.24,-1.9,2.4,,False,343664,29.1
EH0000327,EX-11,excavator,SITE_C,2026-06-27,90,6194,392.3,4.56,1.3,87.1,3.58,0.3,4.5,,False,343472,1.0
EH0000328,EX-11,excavator,SITE_C,2026-06-28,90,6204,490.7,4.37,-3.0,87.6,4.05,-1.1,5.9,,False,171060,20.2
EH0000329,EX-11,excavator,SITE_C,2026-06-29,90,6214,599.1,4.56,1.4,82.1,5.65,1.3,2.3,,False,240339,27.1
EH0000330,EX-11,excavator,SITE_C,2026-06-30,90,6230,530.5,4.37,-3.0,82.5,4.8,3.0,6.7,,False,326479,39.3
EH0000331,EX-12,excavator,SITE_A,2026-06-01,62,4587,264.2,4.5,0.1,85.4,5.55,-1.9,3.0,,False,181880,35.1
EH0000332,EX-12,excavator,SITE_A,2026-06-02,62,4596,370.4,4.37,-2.9,90.3,3.51,1.8,3.5,,False,328193,8.2
EH0000333,EX-12,excavator,SITE_A,2026-06-03,62,4610,458.2,4.51,0.3,81.6,3.66,-0.1,6.5,,False,162332,4.1
EH0000334,EX-12,excavator,SITE_A,2026-06-04,62,4626,185.1,4.41,-1.9,86.1,5.62,-2.9,4.0,,False,277113,4.5
EH0000335,EX-12,excavator,SITE_A,2026-06-05,62,4642,270.0,4.63,3.0,87.4,2.12,-1.8,5.9,,False,99778,8.2
EH0000336,EX-12,excavator,SITE_A,2026-06-06,62,4659,483.5,4.34,-3.5,80.6,4.34,-0.4,3.0,,False,134876,37.0
EH0000337,EX-12,excavator,SITE_A,2026-06-07,62,4669,454.4,4.49,-0.2,89.7,2.85,-2.2,5.9,,False,284629,38.6
EH0000338,EX-12,excavator,SITE_A,2026-06-08,62,4682,317.7,4.57,1.6,82.9,4.05,-3.4,5.9,,False,69084,7.0
EH0000339,EX-12,excavator,SITE_A,2026-06-09,62,4700,504.1,4.49,-0.3,93.9,2.51,-3.0,5.3,,False,303957,25.0
EH0000340,EX-12,excavator,SITE_A,2026-06-10,62,4711,592.0,4.46,-1.0,87.8,5.72,-0.4,5.4,,False,146121,16.0
EH0000341,EX-12,excavator,SITE_A,2026-06-11,62,4724,224.8,4.46,-0.8,78.1,3.86,1.3,5.7,,False,222003,29.9
EH0000342,EX-12,excavator,SITE_A,2026-06-12,62,4742,498.3,4.49,-0.3,78.2,4.61,2.5,2.8,,False,84816,21.9
EH0000343,EX-12,excavator,SITE_A,2026-06-13,62,4756,267.7,4.61,2.4,93.8,5.26,3.1,2.4,,False,100128,8.6
EH0000344,EX-12,excavator,SITE_A,2026-06-14,62,4765,502.4,4.42,-1.8,88.9,4.44,-2.5,1.4,,False,74397,38.1
EH0000345,EX-12,excavator,SITE_A,2026-06-15,62,4783,304.7,4.54,0.8,92.2,3.73,1.4,6.8,,False,303013,29.7
EH0000346,EX-12,excavator,SITE_A,2026-06-16,62,4800,368.1,4.51,0.3,81.7,5.71,5.1,1.5,,False,274864,34.6
EH0000347,EX-12,excavator,SITE_A,2026-06-17,62,4813,368.1,4.59,2.0,86.0,4.53,-0.7,5.5,,False,45668,31.4
EH0000348,EX-12,excavator,SITE_A,2026-06-18,62,4830,189.6,4.5,0.0,83.4,3.2,-8.1,6.5,,False,141948,18.8
EH0000349,EX-12,excavator,SITE_A,2026-06-19,62,4846,294.5,4.59,2.0,80.9,2.34,-3.0,1.1,,False,286404,31.5
EH0000350,EX-12,excavator,SITE_A,2026-06-20,62,4857,307.2,4.57,1.6,83.6,3.16,1.6,4.1,,False,192297,21.4
EH0000351,EX-12,excavator,SITE_A,2026-06-21,62,4873,544.4,4.38,-2.7,81.9,4.84,-4.0,6.8,,False,102061,14.2
EH0000352,EX-12,excavator,SITE_A,2026-06-22,62,4885,577.6,4.56,1.4,79.4,5.32,0.0,7.1,,False,96358,7.8
EH0000353,EX-12,excavator,SITE_A,2026-06-23,62,4899,383.2,4.54,0.8,85.5,2.3,2.5,6.9,,False,230920,6.4
EH0000354,EX-12,excavator,SITE_A,2026-06-24,62,4913,369.0,4.41,-2.0,91.3,5.61,1.6,5.9,,False,163364,29.3
EH0000355,EX-12,excavator,SITE_A,2026-06-25,62,4921,362.2,4.39,-2.5,91.2,5.55,0.2,1.6,,False,192185,14.2
EH0000356,EX-12,excavator,SITE_A,2026-06-26,62,4940,316.8,4.48,-0.4,81.0,2.88,-0.9,4.6,,False,137406,9.4
EH0000357,EX-12,excavator,SITE_A,2026-06-27,62,4948,418.0,4.59,2.0,90.5,5.44,6.3,3.9,,False,310784,8.1
EH0000358,EX-12,excavator,SITE_A,2026-06-28,62,4956,398.1,4.55,1.1,94.8,3.17,-5.9,5.0,,False,285017,20.5
EH0000359,EX-12,excavator,SITE_A,2026-06-29,62,4973,403.4,4.53,0.6,85.5,1.94,-1.3,5.8,,False,183888,34.3
EH0000360,EX-12,excavator,SITE_A,2026-06-30,62,4991,483.0,4.42,-1.8,82.6,2.55,5.1,7.2,,False,276187,27.9
EH0000361,DZ-01,dozer,SITE_B,2026-06-01,82,14049,236.1,4.14,-8.0,83.1,4.13,0.0,20.0,Oil pump / bearing,False,313820,7.3
EH0000362,DZ-01,dozer,SITE_B,2026-06-02,81,14064,186.8,4.13,-8.3,83.1,2.91,0.8,21.6,Oil pump / bearing,False,173653,19.2
EH0000363,DZ-01,dozer,SITE_B,2026-06-03,79,14075,465.3,4.11,-8.7,79.3,3.65,1.5,23.1,Oil pump / bearing,False,42382,9.3
EH0000364,DZ-01,dozer,SITE_B,2026-06-04,78,14090,210.2,4.09,-9.0,84.7,4.09,2.3,24.7,Oil pump / bearing,False,173962,26.3
EH0000365,DZ-01,dozer,SITE_B,2026-06-05,77,14109,458.1,4.08,-9.3,79.7,2.72,3.1,26.3,Oil pump / bearing,False,285144,23.2
EH0000366,DZ-01,dozer,SITE_B,2026-06-06,76,14123,478.1,4.06,-9.7,91.7,2.44,3.8,27.8,Oil pump / bearing,False,322140,15.5
EH0000367,DZ-01,dozer,SITE_B,2026-06-07,74,14140,579.6,4.05,-10.0,91.7,4.85,4.6,29.4,Oil pump / bearing,False,85913,35.6
EH0000368,DZ-01,dozer,SITE_B,2026-06-08,73,14157,362.6,4.04,-10.3,90.8,4.08,5.4,31.0,Oil pump / bearing,False,56999,12.6
EH0000369,DZ-01,dozer,SITE_B,2026-06-09,72,14176,498.7,4.02,-10.7,91.4,4.84,6.1,32.5,Oil pump / bearing,False,89522,32.9
EH0000370,DZ-01,dozer,SITE_B,2026-06-10,71,14189,414.6,4.0,-11.0,89.5,5.68,6.9,34.1,Oil pump / bearing,False,324732,13.0
EH0000371,DZ-01,dozer,SITE_B,2026-06-11,69,14207,441.9,3.99,-11.3,82.8,5.42,7.7,35.7,Oil pump / bearing,False,345539,18.5
EH0000372,DZ-01,dozer,SITE_B,2026-06-12,68,14222,193.7,3.97,-11.7,82.7,2.97,8.4,37.2,Oil pump / bearing,False,191956,35.5
EH0000373,DZ-01,dozer,SITE_B,2026-06-13,67,14235,368.8,3.96,-12.0,81.6,4.98,9.2,38.8,Oil pump / bearing,False,138046,36.0
EH0000374,DZ-01,dozer,SITE_B,2026-06-14,66,14248,221.8,3.95,-12.3,96.0,4.31,10.0,40.4,Oil pump / bearing,True,104286,32.1
EH0000375,DZ-01,dozer,SITE_B,2026-06-15,64,14256,602.9,3.93,-12.7,94.1,6.47,10.7,41.9,Oil pump / bearing,True,65525,22.6
EH0000376,DZ-01,dozer,SITE_B,2026-06-16,63,14269,187.5,3.92,-13.0,94.5,5.97,11.5,43.5,Oil pump / bearing,True,207679,24.8
EH0000377,DZ-01,dozer,SITE_B,2026-06-17,62,14286,351.9,3.9,-13.3,79.2,5.78,12.3,45.1,Oil pump / bearing,True,181994,27.0
EH0000378,DZ-01,dozer,SITE_B,2026-06-18,60,14300,588.4,3.88,-13.7,94.7,4.67,13.0,46.6,Oil pump / bearing,True,108798,8.5
EH0000379,DZ-01,dozer,SITE_B,2026-06-19,59,14316,401.8,3.87,-14.0,95.1,6.71,13.8,48.2,Oil pump / bearing,True,59610,27.1
EH0000380,DZ-01,dozer,SITE_B,2026-06-20,58,14328,203.9,3.86,-14.3,89.6,7.36,14.6,49.8,Oil pump / bearing,True,124425,22.2
EH0000381,DZ-01,dozer,SITE_B,2026-06-21,57,14343,490.3,3.84,-14.7,86.2,6.2,15.3,51.3,Oil pump / bearing,True,99821,6.8
EH0000382,DZ-01,dozer,SITE_B,2026-06-22,55,14356,481.7,3.83,-15.0,94.4,6.17,16.1,52.9,Oil pump / bearing,True,228505,16.1
EH0000383,DZ-01,dozer,SITE_B,2026-06-23,54,14367,214.6,3.81,-15.3,91.3,4.07,16.9,54.5,Oil pump / bearing,True,54995,1.3
EH0000384,DZ-01,dozer,SITE_B,2026-06-24,53,14378,288.4,3.79,-15.7,90.4,6.15,17.6,56.0,Oil pump / bearing,True,145686,11.5
EH0000385,DZ-01,dozer,SITE_B,2026-06-25,52,14390,207.5,3.78,-16.0,84.0,4.11,18.4,57.6,Oil pump / bearing,True,45750,15.8
EH0000386,DZ-01,dozer,SITE_B,2026-06-26,50,14408,527.3,3.77,-16.3,85.5,4.59,19.2,59.2,Oil pump / bearing,True,240753,10.7
EH0000387,DZ-01,dozer,SITE_B,2026-06-27,49,14423,276.7,3.75,-16.7,78.4,7.3,19.9,60.7,Oil pump / bearing,True,293347,27.0
EH0000388,DZ-01,dozer,SITE_B,2026-06-28,48,14438,248.2,3.73,-17.0,79.5,6.01,20.7,62.3,Oil pump / bearing,True,260534,28.3
EH0000389,DZ-01,dozer,SITE_B,2026-06-29,47,14455,402.4,3.72,-17.3,80.6,6.65,21.5,63.9,Oil pump / bearing,True,250747,19.5
EH0000390,DZ-01,dozer,SITE_B,2026-06-30,45,14471,494.7,3.7,-17.7,83.1,5.68,22.2,65.4,Oil pump / bearing,True,264021,29.0
EH0000391,DZ-02,dozer,SITE_C,2026-06-01,83,4704,318.1,4.52,0.4,87.7,5.37,0.1,5.6,,False,346000,30.6
EH0000392,DZ-02,dozer,SITE_C,2026-06-02,83,4723,392.6,4.27,-5.1,93.1,4.05,6.0,5.6,,False,269602,32.0
EH0000393,DZ-02,dozer,SITE_C,2026-06-03,83,4738,266.4,4.53,0.7,95.1,2.49,-2.1,3.9,,False,184972,23.2
EH0000394,DZ-02,dozer,SITE_C,2026-06-04,83,4752,590.2,4.7,4.4,91.3,3.07,-0.5,2.6,,False,305406,22.8
EH0000395,DZ-02,dozer,SITE_C,2026-06-05,83,4765,543.3,4.45,-1.2,83.1,5.46,-2.5,2.5,,False,255286,22.9
EH0000396,DZ-02,dozer,SITE_C,2026-06-06,83,4775,573.4,4.47,-0.7,84.1,4.62,-3.0,6.6,,False,160062,13.5
EH0000397,DZ-02,dozer,SITE_C,2026-06-07,83,4788,510.7,4.51,0.3,89.2,3.9,-5.0,4.7,,False,244720,25.1
EH0000398,DZ-02,dozer,SITE_C,2026-06-08,83,4796,309.3,4.44,-1.3,82.3,5.93,1.4,4.2,,False,131911,37.0
EH0000399,DZ-02,dozer,SITE_C,2026-06-09,83,4815,514.7,4.54,0.9,80.8,4.36,4.1,1.0,,False,270097,20.5
EH0000400,DZ-02,dozer,SITE_C,2026-06-10,83,4824,255.1,4.53,0.7,78.5,2.87,0.5,3.6,,False,283154,24.6
EH0000401,DZ-02,dozer,SITE_C,2026-06-11,83,4838,455.6,4.5,0.0,83.0,5.68,2.7,4.5,,False,206536,33.6
EH0000402,DZ-02,dozer,SITE_C,2026-06-12,83,4846,520.3,4.36,-3.1,94.5,2.67,-0.9,1.3,,False,58074,6.9
EH0000403,DZ-02,dozer,SITE_C,2026-06-13,83,4864,430.1,4.61,2.4,89.7,2.69,-1.5,3.7,,False,296505,27.1
EH0000404,DZ-02,dozer,SITE_C,2026-06-14,83,4873,319.9,4.57,1.5,91.5,3.75,0.3,3.7,,False,144135,31.0
EH0000405,DZ-02,dozer,SITE_C,2026-06-15,83,4883,309.3,4.44,-1.4,78.7,4.19,-3.6,1.2,,False,50234,24.5
EH0000406,DZ-02,dozer,SITE_C,2026-06-16,83,4897,443.8,4.4,-2.3,87.1,3.74,3.4,6.9,,False,248547,38.5
EH0000407,DZ-02,dozer,SITE_C,2026-06-17,83,4914,302.4,4.58,1.8,80.6,3.69,4.4,7.9,,False,241499,10.4
EH0000408,DZ-02,dozer,SITE_C,2026-06-18,83,4929,593.2,4.59,2.0,86.2,2.65,-1.4,7.5,,False,346063,28.4
EH0000409,DZ-02,dozer,SITE_C,2026-06-19,83,4938,263.3,4.42,-1.8,78.1,1.86,-3.8,4.1,,False,278483,30.2
EH0000410,DZ-02,dozer,SITE_C,2026-06-20,83,4955,594.3,4.58,1.7,92.1,3.9,0.5,6.7,,False,346868,10.0
EH0000411,DZ-02,dozer,SITE_C,2026-06-21,83,4974,580.0,4.57,1.5,83.6,4.89,1.3,3.5,,False,154816,17.6
EH0000412,DZ-02,dozer,SITE_C,2026-06-22,83,4985,545.6,4.51,0.3,80.2,4.96,0.2,5.2,,False,144188,19.7
EH0000413,DZ-02,dozer,SITE_C,2026-06-23,83,4997,436.8,4.57,1.6,85.0,2.93,-4.9,4.0,,False,96683,29.3
EH0000414,DZ-02,dozer,SITE_C,2026-06-24,83,5010,410.2,4.55,1.1,90.6,3.7,0.6,6.7,,False,181449,13.1
EH0000415,DZ-02,dozer,SITE_C,2026-06-25,83,5024,339.1,4.49,-0.2,79.7,4.37,0.3,5.0,,False,332410,23.8
EH0000416,DZ-02,dozer,SITE_C,2026-06-26,83,5041,527.4,4.54,0.8,91.5,4.87,6.2,1.7,,False,161724,32.7
EH0000417,DZ-02,dozer,SITE_C,2026-06-27,83,5055,230.9,4.5,-0.1,78.5,4.23,1.4,3.4,,False,262820,24.6
EH0000418,DZ-02,dozer,SITE_C,2026-06-28,83,5067,507.9,4.54,1.0,79.4,5.12,-4.6,3.5,,False,87111,6.3
EH0000419,DZ-02,dozer,SITE_C,2026-06-29,83,5080,385.3,4.51,0.2,86.7,5.17,-1.9,2.1,,False,243117,7.3
EH0000420,DZ-02,dozer,SITE_C,2026-06-30,83,5088,301.3,4.52,0.5,81.7,1.75,-3.2,6.3,,False,184341,3.1
EH0000421,DZ-03,dozer,SITE_A,2026-06-01,91,4417,289.9,4.46,-1.0,89.8,4.49,0.1,4.3,,False,276304,37.1
EH0000422,DZ-03,dozer,SITE_A,2026-06-02,91,4427,520.4,4.46,-0.9,78.8,4.93,1.6,2.7,,False,222690,14.2
EH0000423,DZ-03,dozer,SITE_A,2026-06-03,91,4442,320.6,4.3,-4.4,85.9,5.94,3.4,6.8,,False,209024,17.8
EH0000424,DZ-03,dozer,SITE_A,2026-06-04,91,4454,210.8,4.52,0.4,85.1,3.22,4.9,4.8,,False,175899,36.3
EH0000425,DZ-03,dozer,SITE_A,2026-06-05,91,4463,425.1,4.46,-0.9,82.2,3.85,-1.6,4.6,,False,216298,10.5
EH0000426,DZ-03,dozer,SITE_A,2026-06-06,91,4482,583.2,4.58,1.8,89.4,4.37,-1.5,1.4,,False,93218,3.7
EH0000427,DZ-03,dozer,SITE_A,2026-06-07,91,4496,501.9,4.48,-0.4,92.8,2.56,-0.3,6.5,,False,228868,0.3
EH0000428,DZ-03,dozer,SITE_A,2026-06-08,91,4513,551.5,4.52,0.5,86.7,3.95,-1.1,4.5,,False,229651,8.6
EH0000429,DZ-03,dozer,SITE_A,2026-06-09,91,4531,610.5,4.51,0.3,95.4,3.88,3.0,6.8,,False,344082,13.8
EH0000430,DZ-03,dozer,SITE_A,2026-06-10,91,4542,348.2,4.59,2.1,89.1,4.0,1.8,7.6,,False,202793,1.0
EH0000431,DZ-03,dozer,SITE_A,2026-06-11,91,4550,314.0,4.65,3.3,81.6,2.58,3.2,5.8,,False,187580,8.9
EH0000432,DZ-03,dozer,SITE_A,2026-06-12,91,4569,237.4,4.54,0.9,88.2,3.21,-5.6,3.9,,False,106253,29.0
EH0000433,DZ-03,dozer,SITE_A,2026-06-13,91,4585,471.2,4.41,-2.1,88.8,3.03,3.8,6.6,,False,246946,9.4
EH0000434,DZ-03,dozer,SITE_A,2026-06-14,91,4594,587.6,4.4,-2.2,85.6,1.93,-2.7,3.0,,False,226098,15.7
EH0000435,DZ-03,dozer,SITE_A,2026-06-15,91,4613,318.0,4.5,0.1,82.5,4.67,-1.2,1.1,,False,267203,39.0
EH0000436,DZ-03,dozer,SITE_A,2026-06-16,91,4628,577.9,4.34,-3.5,84.7,4.3,1.0,6.0,,False,194599,3.7
EH0000437,DZ-03,dozer,SITE_A,2026-06-17,91,4636,279.5,4.4,-2.3,92.7,5.63,-0.9,2.6,,False,143119,7.7
EH0000438,DZ-03,dozer,SITE_A,2026-06-18,91,4650,272.9,4.51,0.3,91.5,2.06,-1.5,3.0,,False,270780,17.7
EH0000439,DZ-03,dozer,SITE_A,2026-06-19,91,4660,275.2,4.41,-2.1,81.8,2.7,-4.9,4.7,,False,194934,6.2
EH0000440,DZ-03,dozer,SITE_A,2026-06-20,91,4673,235.2,4.46,-0.9,81.1,5.1,-2.1,3.5,,False,318572,13.5
EH0000441,DZ-03,dozer,SITE_A,2026-06-21,91,4684,569.9,4.45,-1.2,94.1,3.41,2.2,7.8,,False,97062,4.4
EH0000442,DZ-03,dozer,SITE_A,2026-06-22,91,4695,476.2,4.58,1.7,92.8,3.69,1.0,6.5,,False,327635,26.3
EH0000443,DZ-03,dozer,SITE_A,2026-06-23,91,4714,215.7,4.42,-1.7,95.9,2.64,0.2,1.2,,False,115910,4.7
EH0000444,DZ-03,dozer,SITE_A,2026-06-24,91,4726,561.1,4.46,-0.9,83.2,3.56,-3.1,6.3,,False,62337,17.4
EH0000445,DZ-03,dozer,SITE_A,2026-06-25,91,4740,591.2,4.69,4.2,90.4,5.0,-2.9,5.7,,False,204726,4.0
EH0000446,DZ-03,dozer,SITE_A,2026-06-26,91,4748,571.6,4.55,1.1,95.9,3.91,7.3,2.8,,False,192756,30.6
EH0000447,DZ-03,dozer,SITE_A,2026-06-27,91,4765,306.6,4.55,1.2,79.7,5.74,-1.2,1.7,,False,342274,13.0
EH0000448,DZ-03,dozer,SITE_A,2026-06-28,91,4774,433.2,4.58,1.8,85.7,3.61,5.1,5.2,,False,154456,0.7
EH0000449,DZ-03,dozer,SITE_A,2026-06-29,91,4789,508.7,4.56,1.4,81.9,2.22,-0.2,3.3,,False,270636,24.2
EH0000450,DZ-03,dozer,SITE_A,2026-06-30,91,4798,361.0,4.42,-1.7,80.3,2.48,3.7,4.3,,False,261705,3.3
EH0000451,DZ-04,dozer,SITE_B,2026-06-01,81,7819,421.2,4.5,-0.1,81.1,3.55,3.7,6.4,,False,66270,32.2
EH0000452,DZ-04,dozer,SITE_B,2026-06-02,81,7830,428.1,4.61,2.5,87.0,2.15,-1.3,5.1,,False,182157,33.6
EH0000453,DZ-04,dozer,SITE_B,2026-06-03,81,7843,243.0,4.52,0.5,90.9,3.07,-1.0,7.0,,False,171004,36.0
EH0000454,DZ-04,dozer,SITE_B,2026-06-04,81,7852,435.7,4.56,1.3,82.6,5.35,3.2,5.8,,False,49615,8.7
EH0000455,DZ-04,dozer,SITE_B,2026-06-05,81,7865,481.2,4.61,2.4,94.2,5.78,4.3,5.2,,False,255356,13.7
EH0000456,DZ-04,dozer,SITE_B,2026-06-06,81,7880,306.8,4.43,-1.5,83.4,5.65,0.9,3.8,,False,163664,22.2
EH0000457,DZ-04,dozer,SITE_B,2026-06-07,81,7889,447.1,4.62,2.7,85.0,3.03,0.7,3.7,,False,327360,12.6
EH0000458,DZ-04,dozer,SITE_B,2026-06-08,81,7906,209.0,4.5,-0.1,94.0,3.94,0.8,4.7,,False,197753,19.1
EH0000459,DZ-04,dozer,SITE_B,2026-06-09,81,7921,318.7,4.49,-0.2,80.4,3.93,-6.0,7.0,,False,168674,26.7
EH0000460,DZ-04,dozer,SITE_B,2026-06-10,81,7935,564.1,4.52,0.4,87.0,4.62,-3.0,2.8,,False,177900,31.2
EH0000461,DZ-04,dozer,SITE_B,2026-06-11,81,7947,530.5,4.6,2.2,82.2,3.12,2.2,3.2,,False,149767,38.5
EH0000462,DZ-04,dozer,SITE_B,2026-06-12,81,7966,519.5,4.5,-0.1,89.7,5.04,-2.9,5.1,,False,79346,23.4
EH0000463,DZ-04,dozer,SITE_B,2026-06-13,81,7984,590.3,4.36,-3.1,87.4,3.17,0.8,5.5,,False,175909,26.1
EH0000464,DZ-04,dozer,SITE_B,2026-06-14,81,7998,462.0,4.4,-2.2,86.4,2.8,0.4,7.3,,False,304037,22.3
EH0000465,DZ-04,dozer,SITE_B,2026-06-15,81,8013,586.6,4.56,1.4,95.6,5.26,-0.7,1.1,,False,207477,13.3
EH0000466,DZ-04,dozer,SITE_B,2026-06-16,81,8030,361.4,4.41,-1.9,94.8,3.49,4.9,6.3,,False,342619,23.2
EH0000467,DZ-04,dozer,SITE_B,2026-06-17,81,8038,402.6,4.59,2.1,80.9,4.47,-1.6,4.3,,False,335184,4.3
EH0000468,DZ-04,dozer,SITE_B,2026-06-18,81,8051,350.4,4.49,-0.3,89.9,4.09,3.2,7.9,,False,212275,15.9
EH0000469,DZ-04,dozer,SITE_B,2026-06-19,81,8059,600.0,4.3,-4.5,80.7,3.55,-3.6,6.1,,False,40390,21.0
EH0000470,DZ-04,dozer,SITE_B,2026-06-20,81,8070,503.1,4.42,-1.7,81.8,2.08,-1.5,5.7,,False,103965,14.5
EH0000471,DZ-04,dozer,SITE_B,2026-06-21,81,8088,429.0,4.42,-1.7,94.3,3.28,-3.1,4.7,,False,302651,35.2
EH0000472,DZ-04,dozer,SITE_B,2026-06-22,81,8100,215.5,4.59,2.1,94.9,5.07,0.5,3.6,,False,252456,33.1
EH0000473,DZ-04,dozer,SITE_B,2026-06-23,81,8111,524.7,4.5,-0.1,83.0,5.51,-2.5,5.4,,False,89593,39.5
EH0000474,DZ-04,dozer,SITE_B,2026-06-24,81,8126,358.4,4.41,-2.0,87.3,3.83,-4.9,5.2,,False,143780,0.4
EH0000475,DZ-04,dozer,SITE_B,2026-06-25,81,8139,217.9,4.55,1.1,92.7,3.5,3.8,3.4,,False,195918,24.4
EH0000476,DZ-04,dozer,SITE_B,2026-06-26,81,8152,275.2,4.48,-0.4,86.0,2.11,-0.8,4.2,,False,267705,17.6
EH0000477,DZ-04,dozer,SITE_B,2026-06-27,81,8167,424.1,4.44,-1.3,92.9,4.28,-2.5,4.5,,False,264440,0.6
EH0000478,DZ-04,dozer,SITE_B,2026-06-28,81,8186,186.3,4.55,1.1,86.6,1.96,-1.2,2.2,,False,166613,2.4
EH0000479,DZ-04,dozer,SITE_B,2026-06-29,81,8203,418.9,4.63,2.8,84.7,4.67,1.7,4.7,,False,91322,6.5
EH0000480,DZ-04,dozer,SITE_B,2026-06-30,81,8216,349.4,4.46,-1.0,93.4,5.65,-1.6,3.7,,False,125058,15.3
EH0000481,DZ-05,dozer,SITE_C,2026-06-01,82,8096,211.3,4.49,-0.2,88.3,3.84,-4.2,1.1,,False,296008,22.3
EH0000482,DZ-05,dozer,SITE_C,2026-06-02,82,8104,325.4,4.52,0.4,88.6,3.42,-4.0,5.5,,False,158128,3.1
EH0000483,DZ-05,dozer,SITE_C,2026-06-03,82,8120,253.1,4.49,-0.2,79.1,4.74,-0.2,1.9,,False,153604,38.0
EH0000484,DZ-05,dozer,SITE_C,2026-06-04,82,8129,475.9,4.47,-0.7,81.1,1.92,-3.0,4.9,,False,135386,30.6
EH0000485,DZ-05,dozer,SITE_C,2026-06-05,82,8140,257.9,4.66,3.6,79.8,5.53,-3.0,5.1,,False,295493,29.1
EH0000486,DZ-05,dozer,SITE_C,2026-06-06,82,8156,202.4,4.42,-1.8,89.1,2.35,-4.8,2.7,,False,257033,21.9
EH0000487,DZ-05,dozer,SITE_C,2026-06-07,82,8165,456.2,4.57,1.6,89.7,5.37,-0.1,1.5,,False,340340,27.5
EH0000488,DZ-05,dozer,SITE_C,2026-06-08,82,8178,259.6,4.71,4.6,92.4,3.29,-0.5,6.2,,False,191990,10.9
EH0000489,DZ-05,dozer,SITE_C,2026-06-09,82,8189,561.2,4.43,-1.5,79.1,5.19,4.2,4.7,,False,269502,16.6
EH0000490,DZ-05,dozer,SITE_C,2026-06-10,82,8202,206.0,4.3,-4.4,89.4,5.41,3.3,4.6,,False,311020,5.3
EH0000491,DZ-05,dozer,SITE_C,2026-06-11,82,8216,439.2,4.62,2.7,94.9,3.05,-3.5,4.4,,False,158222,6.5
EH0000492,DZ-05,dozer,SITE_C,2026-06-12,82,8225,210.4,4.73,5.1,92.9,2.61,-4.1,5.0,,False,61638,31.2
EH0000493,DZ-05,dozer,SITE_C,2026-06-13,82,8241,530.3,4.36,-3.2,91.2,4.57,1.3,5.9,,False,119436,17.6
EH0000494,DZ-05,dozer,SITE_C,2026-06-14,82,8260,406.0,4.55,1.2,83.2,1.95,-0.8,1.4,,False,140485,36.3
EH0000495,DZ-05,dozer,SITE_C,2026-06-15,82,8269,594.2,4.47,-0.6,81.1,3.83,-0.6,3.2,,False,242258,25.0
EH0000496,DZ-05,dozer,SITE_C,2026-06-16,82,8277,266.4,4.3,-4.4,78.4,5.81,3.6,4.6,,False,183704,12.6
EH0000497,DZ-05,dozer,SITE_C,2026-06-17,82,8290,581.7,4.61,2.4,88.3,2.87,1.5,5.3,,False,123791,7.9
EH0000498,DZ-05,dozer,SITE_C,2026-06-18,82,8303,439.4,4.43,-1.6,79.2,5.01,-3.2,4.9,,False,124518,28.9
EH0000499,DZ-05,dozer,SITE_C,2026-06-19,82,8318,356.1,4.57,1.5,92.6,2.34,2.8,5.1,,False,268872,12.4
EH0000500,DZ-05,dozer,SITE_C,2026-06-20,82,8334,569.9,4.41,-2.1,86.3,3.99,-2.7,3.3,,False,312017,35.4
EH0000501,DZ-05,dozer,SITE_C,2026-06-21,82,8344,201.7,4.42,-1.7,82.2,5.79,2.0,1.9,,False,340642,36.1
EH0000502,DZ-05,dozer,SITE_C,2026-06-22,82,8360,514.4,4.34,-3.6,83.6,3.32,-3.2,7.4,,False,82598,39.1
EH0000503,DZ-05,dozer,SITE_C,2026-06-23,82,8370,570.0,4.55,1.1,80.7,2.67,0.6,3.1,,False,327507,15.7
EH0000504,DZ-05,dozer,SITE_C,2026-06-24,82,8384,458.1,4.54,0.8,91.1,3.22,-2.5,6.1,,False,84130,17.1
EH0000505,DZ-05,dozer,SITE_C,2026-06-25,82,8402,183.0,4.62,2.6,87.4,5.92,2.3,2.6,,False,323007,36.4
EH0000506,DZ-05,dozer,SITE_C,2026-06-26,82,8416,243.0,4.62,2.7,89.8,4.36,-2.1,7.3,,False,285277,13.6
EH0000507,DZ-05,dozer,SITE_C,2026-06-27,82,8431,216.3,4.5,-0.0,88.8,3.72,-2.2,1.8,,False,147792,12.1
EH0000508,DZ-05,dozer,SITE_C,2026-06-28,82,8445,555.5,4.45,-1.1,83.9,2.35,1.3,5.8,,False,235245,25.8
EH0000509,DZ-05,dozer,SITE_C,2026-06-29,82,8455,257.9,4.41,-2.1,78.1,3.79,0.1,3.2,,False,155375,13.2
EH0000510,DZ-05,dozer,SITE_C,2026-06-30,82,8466,307.4,4.61,2.4,92.1,5.44,2.3,6.7,,False,304860,29.7
EH0000511,DZ-06,dozer,SITE_A,2026-06-01,61,5350,558.3,4.61,2.5,95.3,3.32,4.5,5.5,,False,114694,15.3
EH0000512,DZ-06,dozer,SITE_A,2026-06-02,61,5359,356.8,4.53,0.7,88.4,3.13,-1.0,4.8,,False,156944,18.4
EH0000513,DZ-06,dozer,SITE_A,2026-06-03,61,5369,549.1,4.54,0.8,90.1,4.9,1.1,6.0,,False,331230,5.7
EH0000514,DZ-06,dozer,SITE_A,2026-06-04,61,5382,570.0,4.43,-1.6,78.8,5.72,-1.3,5.3,,False,339569,25.3
EH0000515,DZ-06,dozer,SITE_A,2026-06-05,61,5398,238.2,4.42,-1.8,95.6,4.08,-2.5,7.6,,False,107443,21.8
EH0000516,DZ-06,dozer,SITE_A,2026-06-06,61,5414,255.5,4.5,-0.1,81.0,3.92,0.7,3.5,,False,318518,20.2
EH0000517,DZ-06,dozer,SITE_A,2026-06-07,61,5427,388.6,4.4,-2.3,86.1,5.49,0.1,7.9,,False,182429,16.6
EH0000518,DZ-06,dozer,SITE_A,2026-06-08,61,5436,465.4,4.63,2.8,85.5,3.72,-1.1,2.4,,False,278009,1.8
EH0000519,DZ-06,dozer,SITE_A,2026-06-09,61,5444,618.1,4.52,0.4,85.8,5.84,1.6,6.2,,False,238159,15.1
EH0000520,DZ-06,dozer,SITE_A,2026-06-10,61,5453,180.1,4.43,-1.6,94.5,6.17,7.9,7.0,,False,216284,4.8
EH0000521,DZ-06,dozer,SITE_A,2026-06-11,61,5461,490.4,4.51,0.3,83.5,2.88,-0.9,7.5,,False,63834,15.0
EH0000522,DZ-06,dozer,SITE_A,2026-06-12,61,5472,583.8,4.63,2.9,79.9,3.17,2.4,1.8,,False,111537,7.6
EH0000523,DZ-06,dozer,SITE_A,2026-06-13,61,5480,375.4,4.49,-0.2,90.2,3.9,-1.4,6.6,,False,335830,26.9
EH0000524,DZ-06,dozer,SITE_A,2026-06-14,61,5494,392.6,4.5,0.1,95.8,4.87,-1.5,1.3,,False,339477,31.3
EH0000525,DZ-06,dozer,SITE_A,2026-06-15,61,5506,415.3,4.48,-0.5,93.5,3.57,2.7,7.0,,False,309609,9.4
EH0000526,DZ-06,dozer,SITE_A,2026-06-16,61,5519,616.4,4.45,-1.1,95.1,2.86,3.1,6.8,,False,346606,7.4
EH0000527,DZ-06,dozer,SITE_A,2026-06-17,61,5532,610.1,4.44,-1.4,92.5,4.92,-0.3,2.6,,False,271977,4.3
EH0000528,DZ-06,dozer,SITE_A,2026-06-18,61,5548,551.5,4.41,-2.1,94.5,4.55,-3.2,3.2,,False,205750,5.0
EH0000529,DZ-06,dozer,SITE_A,2026-06-19,61,5560,255.6,4.54,1.0,86.6,4.81,-1.4,4.8,,False,72634,34.2
EH0000530,DZ-06,dozer,SITE_A,2026-06-20,61,5577,401.1,4.5,0.0,78.3,5.11,-1.0,6.4,,False,44011,24.2
EH0000531,DZ-06,dozer,SITE_A,2026-06-21,61,5591,440.6,4.59,2.1,90.6,2.78,0.0,7.7,,False,286864,20.1
EH0000532,DZ-06,dozer,SITE_A,2026-06-22,61,5604,232.0,4.56,1.3,85.2,5.41,2.4,5.5,,False,253893,16.5
EH0000533,DZ-06,dozer,SITE_A,2026-06-23,61,5622,597.0,4.46,-0.8,80.5,5.01,-0.4,2.3,,False,211616,20.3
EH0000534,DZ-06,dozer,SITE_A,2026-06-24,61,5632,456.2,4.46,-0.9,81.5,3.28,7.0,4.3,,False,232150,29.8
EH0000535,DZ-06,dozer,SITE_A,2026-06-25,61,5648,327.3,4.55,1.1,83.6,4.81,2.7,7.5,,False,43174,24.8
EH0000536,DZ-06,dozer,SITE_A,2026-06-26,61,5667,238.2,4.55,1.1,81.5,3.23,2.8,4.9,,False,316274,25.7
EH0000537,DZ-06,dozer,SITE_A,2026-06-27,61,5685,493.6,4.64,3.2,81.5,4.14,2.5,3.5,,False,257726,4.4
EH0000538,DZ-06,dozer,SITE_A,2026-06-28,61,5698,211.8,4.47,-0.7,88.4,5.65,2.4,5.8,,False,329304,24.4
EH0000539,DZ-06,dozer,SITE_A,2026-06-29,61,5713,271.1,4.45,-1.2,87.8,2.51,-4.2,1.6,,False,241528,0.2
EH0000540,DZ-06,dozer,SITE_A,2026-06-30,61,5721,229.1,4.41,-2.1,88.3,4.32,-0.1,3.2,,False,239316,17.8
EH0000541,DZ-07,dozer,SITE_B,2026-06-01,86,4935,583.3,4.64,3.1,83.9,4.21,7.2,2.4,,False,289264,4.6
EH0000542,DZ-07,dozer,SITE_B,2026-06-02,86,4953,204.0,4.5,0.0,83.7,3.95,-0.5,5.1,,False,153627,9.1
EH0000543,DZ-07,dozer,SITE_B,2026-06-03,86,4970,295.2,4.53,0.6,89.2,5.37,0.5,4.0,,False,166082,14.1
EH0000544,DZ-07,dozer,SITE_B,2026-06-04,86,4978,317.4,4.51,0.3,91.1,5.44,2.5,6.3,,False,261849,14.5
EH0000545,DZ-07,dozer,SITE_B,2026-06-05,86,4991,353.8,4.63,2.8,78.9,3.82,2.1,6.6,,False,255503,15.5
EH0000546,DZ-07,dozer,SITE_B,2026-06-06,86,5002,262.0,4.41,-2.1,91.5,4.9,7.2,5.3,,False,216326,19.4
EH0000547,DZ-07,dozer,SITE_B,2026-06-07,86,5013,494.7,4.49,-0.2,95.2,3.62,-0.9,1.7,,False,51549,12.0
EH0000548,DZ-07,dozer,SITE_B,2026-06-08,86,5022,473.4,4.5,0.1,87.2,3.88,1.6,5.3,,False,345063,1.6
EH0000549,DZ-07,dozer,SITE_B,2026-06-09,86,5033,557.1,4.59,1.9,94.9,4.11,1.4,4.9,,False,297831,30.8
EH0000550,DZ-07,dozer,SITE_B,2026-06-10,86,5046,398.8,4.5,0.1,81.2,2.55,1.2,3.4,,False,322803,32.6
EH0000551,DZ-07,dozer,SITE_B,2026-06-11,86,5056,329.6,4.35,-3.3,93.7,2.8,4.5,4.3,,False,319343,14.2
EH0000552,DZ-07,dozer,SITE_B,2026-06-12,86,5068,490.9,4.4,-2.3,87.6,4.82,2.8,6.8,,False,86233,1.7
EH0000553,DZ-07,dozer,SITE_B,2026-06-13,86,5083,505.0,4.56,1.3,83.5,2.5,-5.6,7.0,,False,149321,37.2
EH0000554,DZ-07,dozer,SITE_B,2026-06-14,86,5100,224.6,4.35,-3.4,92.3,5.31,0.6,1.4,,False,294822,24.0
EH0000555,DZ-07,dozer,SITE_B,2026-06-15,86,5111,436.4,4.46,-0.8,80.2,2.16,-3.3,5.3,,False,310665,23.7
EH0000556,DZ-07,dozer,SITE_B,2026-06-16,86,5130,395.5,4.55,1.1,87.5,3.03,-3.1,5.4,,False,149876,29.1
EH0000557,DZ-07,dozer,SITE_B,2026-06-17,86,5147,371.9,4.45,-1.2,89.8,3.98,2.3,6.4,,False,129044,32.2
EH0000558,DZ-07,dozer,SITE_B,2026-06-18,86,5164,504.3,4.48,-0.5,78.7,4.16,2.6,3.0,,False,124523,34.1
EH0000559,DZ-07,dozer,SITE_B,2026-06-19,86,5179,607.9,4.45,-1.2,87.3,4.51,0.5,3.3,,False,201149,18.3
EH0000560,DZ-07,dozer,SITE_B,2026-06-20,86,5190,548.5,4.63,3.0,82.3,2.74,-0.4,6.3,,False,162989,33.1
EH0000561,DZ-07,dozer,SITE_B,2026-06-21,86,5204,196.0,4.51,0.3,78.9,5.33,-0.1,4.3,,False,265756,28.8
EH0000562,DZ-07,dozer,SITE_B,2026-06-22,86,5212,353.0,4.56,1.3,89.1,5.46,0.2,2.8,,False,63548,22.8
EH0000563,DZ-07,dozer,SITE_B,2026-06-23,86,5231,281.8,4.39,-2.5,85.3,5.63,-3.4,1.7,,False,154881,38.8
EH0000564,DZ-07,dozer,SITE_B,2026-06-24,86,5242,553.2,4.53,0.6,90.3,3.46,3.0,5.9,,False,245753,30.3
EH0000565,DZ-07,dozer,SITE_B,2026-06-25,86,5254,229.9,4.41,-1.9,81.1,3.84,-3.5,7.5,,False,248281,21.9
EH0000566,DZ-07,dozer,SITE_B,2026-06-26,86,5272,225.0,4.43,-1.5,91.5,5.25,-3.7,7.0,,False,155819,38.5
EH0000567,DZ-07,dozer,SITE_B,2026-06-27,86,5284,353.4,4.62,2.7,93.3,2.89,-4.9,1.6,,False,293078,23.3
EH0000568,DZ-07,dozer,SITE_B,2026-06-28,86,5296,264.5,4.46,-1.0,90.9,3.52,4.3,7.2,,False,267693,12.4
EH0000569,DZ-07,dozer,SITE_B,2026-06-29,86,5307,512.8,4.57,1.5,86.5,3.24,3.4,3.1,,False,232537,37.8
EH0000570,DZ-07,dozer,SITE_B,2026-06-30,86,5315,613.2,4.5,-0.0,81.8,2.56,0.4,2.8,,False,227535,13.7
EH0000571,DZ-08,dozer,SITE_C,2026-06-01,61,12462,183.9,4.65,3.4,84.9,2.64,-5.7,1.1,,False,226720,3.5
EH0000572,DZ-08,dozer,SITE_C,2026-06-02,61,12477,233.1,4.58,1.7,95.6,2.77,0.2,3.7,,False,255657,19.5
EH0000573,DZ-08,dozer,SITE_C,2026-06-03,61,12493,516.7,4.68,3.9,94.7,2.5,-3.2,2.5,,False,144824,9.4
EH0000574,DZ-08,dozer,SITE_C,2026-06-04,61,12510,314.0,4.42,-1.7,95.7,4.08,-4.9,2.7,,False,146471,13.6
EH0000575,DZ-08,dozer,SITE_C,2026-06-05,61,12526,562.6,4.37,-2.9,81.3,5.63,-1.6,5.4,,False,133246,26.1
EH0000576,DZ-08,dozer,SITE_C,2026-06-06,61,12535,506.6,4.56,1.3,82.1,1.76,-4.7,4.4,,False,51332,11.6
EH0000577,DZ-08,dozer,SITE_C,2026-06-07,61,12553,205.3,4.63,2.9,88.5,5.19,-3.5,1.8,,False,80870,0.7
EH0000578,DZ-08,dozer,SITE_C,2026-06-08,61,12571,360.7,4.6,2.2,87.1,1.85,-1.8,1.5,,False,339479,5.2
EH0000579,DZ-08,dozer,SITE_C,2026-06-09,61,12581,406.4,4.5,0.1,93.4,4.3,4.3,6.3,,False,206991,21.4
EH0000580,DZ-08,dozer,SITE_C,2026-06-10,61,12600,389.2,4.46,-0.9,91.6,5.28,5.2,7.6,,False,231480,39.9
EH0000581,DZ-08,dozer,SITE_C,2026-06-11,61,12611,566.2,4.41,-1.9,81.7,5.26,-0.5,1.2,,False,347124,2.5
EH0000582,DZ-08,dozer,SITE_C,2026-06-12,61,12619,386.5,4.45,-1.1,93.4,3.5,2.8,3.8,,False,252369,7.0
EH0000583,DZ-08,dozer,SITE_C,2026-06-13,61,12638,280.1,4.67,3.7,81.0,3.36,0.3,7.8,,False,79236,0.3
EH0000584,DZ-08,dozer,SITE_C,2026-06-14,61,12655,382.6,4.32,-4.0,90.8,5.78,-1.5,1.4,,False,59122,20.9
EH0000585,DZ-08,dozer,SITE_C,2026-06-15,61,12663,520.8,4.62,2.6,80.4,4.07,2.0,1.6,,False,305660,37.4
EH0000586,DZ-08,dozer,SITE_C,2026-06-16,61,12678,573.1,4.34,-3.6,85.8,4.03,-1.1,4.9,,False,274873,10.0
EH0000587,DZ-08,dozer,SITE_C,2026-06-17,61,12696,450.6,4.58,1.8,94.7,5.86,0.1,6.5,,False,245782,2.0
EH0000588,DZ-08,dozer,SITE_C,2026-06-18,61,12708,435.1,4.59,1.9,83.1,3.16,0.4,2.8,,False,303551,28.4
EH0000589,DZ-08,dozer,SITE_C,2026-06-19,61,12723,248.0,4.61,2.5,85.9,4.14,1.0,3.7,,False,54390,3.0
EH0000590,DZ-08,dozer,SITE_C,2026-06-20,61,12735,431.2,4.66,3.6,94.4,1.95,-0.7,3.8,,False,102785,37.5
EH0000591,DZ-08,dozer,SITE_C,2026-06-21,61,12753,416.5,4.56,1.4,78.3,3.58,5.5,5.3,,False,202403,29.9
EH0000592,DZ-08,dozer,SITE_C,2026-06-22,61,12767,414.7,4.54,0.8,85.3,2.58,-1.0,7.7,,False,209957,5.2
EH0000593,DZ-08,dozer,SITE_C,2026-06-23,61,12779,406.7,4.49,-0.2,95.8,4.41,-0.4,1.7,,False,48720,34.1
EH0000594,DZ-08,dozer,SITE_C,2026-06-24,61,12798,490.4,4.52,0.4,81.4,4.37,-6.3,6.6,,False,189001,10.4
EH0000595,DZ-08,dozer,SITE_C,2026-06-25,61,12816,491.1,4.24,-5.8,89.8,5.67,1.8,7.8,,False,69777,34.7
EH0000596,DZ-08,dozer,SITE_C,2026-06-26,61,12825,237.8,4.65,3.3,82.7,4.51,1.9,3.6,,False,161544,9.8
EH0000597,DZ-08,dozer,SITE_C,2026-06-27,61,12836,322.1,4.43,-1.5,94.0,2.27,-3.7,7.3,,False,255757,27.5
EH0000598,DZ-08,dozer,SITE_C,2026-06-28,61,12847,541.6,4.59,1.9,80.5,4.72,-2.7,1.4,,False,307614,19.6
EH0000599,DZ-08,dozer,SITE_C,2026-06-29,61,12866,406.2,4.41,-2.0,92.0,3.91,-1.8,3.2,,False,184491,39.3
EH0000600,DZ-08,dozer,SITE_C,2026-06-30,61,12885,347.6,4.57,1.6,86.9,1.7,-3.3,6.0,,False,154161,23.8
EH0000601,DR-01,drill_rig,SITE_B,2026-06-01,80,16614,551.3,4.44,-1.4,86.3,2.41,-4.6,5.8,,False,129941,38.1
EH0000602,DR-01,drill_rig,SITE_B,2026-06-02,80,16625,219.4,4.61,2.4,90.9,2.62,-4.6,4.8,,False,89476,28.9
EH0000603,DR-01,drill_rig,SITE_B,2026-06-03,80,16638,609.6,4.5,0.0,95.2,5.13,-0.7,2.0,,False,298916,2.7
EH0000604,DR-01,drill_rig,SITE_B,2026-06-04,80,16653,220.3,4.4,-2.3,91.4,1.78,-2.7,4.5,,False,53731,12.5
EH0000605,DR-01,drill_rig,SITE_B,2026-06-05,80,16664,279.4,4.51,0.3,81.2,5.36,-1.0,1.1,,False,115118,5.5
EH0000606,DR-01,drill_rig,SITE_B,2026-06-06,80,16676,484.9,4.52,0.5,95.8,2.99,0.9,7.9,,False,97836,24.4
EH0000607,DR-01,drill_rig,SITE_B,2026-06-07,80,16686,294.7,4.54,0.8,87.3,5.36,4.7,2.9,,False,66505,25.3
EH0000608,DR-01,drill_rig,SITE_B,2026-06-08,80,16700,310.4,4.44,-1.3,94.7,2.51,0.1,2.6,,False,83539,12.9
EH0000609,DR-01,drill_rig,SITE_B,2026-06-09,80,16708,380.2,4.48,-0.5,80.9,2.72,-5.0,1.9,,False,93997,31.0
EH0000610,DR-01,drill_rig,SITE_B,2026-06-10,80,16727,197.1,4.55,1.2,87.0,5.26,2.0,1.8,,False,274784,18.3
EH0000611,DR-01,drill_rig,SITE_B,2026-06-11,80,16739,561.1,4.45,-1.1,87.0,3.2,0.1,5.5,,False,55994,27.7
EH0000612,DR-01,drill_rig,SITE_B,2026-06-12,80,16749,395.0,4.46,-1.0,87.4,4.8,1.3,1.7,,False,272911,4.3
EH0000613,DR-01,drill_rig,SITE_B,2026-06-13,80,16764,463.0,4.58,1.8,83.7,4.6,1.1,6.8,,False,97241,10.3
EH0000614,DR-01,drill_rig,SITE_B,2026-06-14,80,16778,541.3,4.46,-0.8,95.5,3.63,-1.9,3.7,,False,218735,4.5
EH0000615,DR-01,drill_rig,SITE_B,2026-06-15,80,16788,372.2,4.42,-1.8,86.4,5.44,2.8,5.5,,False,75187,26.2
EH0000616,DR-01,drill_rig,SITE_B,2026-06-16,80,16797,208.7,4.46,-0.9,92.8,4.17,-4.2,3.4,,False,54016,20.6
EH0000617,DR-01,drill_rig,SITE_B,2026-06-17,80,16815,373.2,4.35,-3.3,78.7,3.53,0.8,6.4,,False,167101,28.1
EH0000618,DR-01,drill_rig,SITE_B,2026-06-18,80,16834,525.1,4.44,-1.3,95.0,3.08,-0.2,4.0,,False,87779,21.0
EH0000619,DR-01,drill_rig,SITE_B,2026-06-19,80,16846,471.4,4.47,-0.7,90.9,2.4,-6.7,3.5,,False,186692,5.0
EH0000620,DR-01,drill_rig,SITE_B,2026-06-20,80,16857,494.9,4.47,-0.6,95.5,5.96,0.3,5.2,,False,318676,34.8
EH0000621,DR-01,drill_rig,SITE_B,2026-06-21,80,16870,549.1,4.5,0.0,93.8,3.49,5.2,5.0,,False,183988,26.9
EH0000622,DR-01,drill_rig,SITE_B,2026-06-22,80,16882,514.4,4.39,-2.4,78.9,5.13,-2.4,5.4,,False,279646,25.3
EH0000623,DR-01,drill_rig,SITE_B,2026-06-23,80,16899,436.3,4.72,5.0,81.4,3.0,2.5,5.8,,False,231349,16.0
EH0000624,DR-01,drill_rig,SITE_B,2026-06-24,80,16912,201.6,4.49,-0.3,88.3,5.45,1.7,1.9,,False,61576,11.4
EH0000625,DR-01,drill_rig,SITE_B,2026-06-25,80,16927,506.3,4.35,-3.3,90.2,2.7,-1.2,6.9,,False,315107,11.4
EH0000626,DR-01,drill_rig,SITE_B,2026-06-26,80,16945,603.6,4.4,-2.2,89.3,3.07,3.3,6.3,,False,295669,13.1
EH0000627,DR-01,drill_rig,SITE_B,2026-06-27,80,16962,489.4,4.35,-3.3,93.0,2.5,2.8,6.4,,False,198099,34.0
EH0000628,DR-01,drill_rig,SITE_B,2026-06-28,80,16970,194.5,4.58,1.8,95.2,2.43,-4.1,3.2,,False,306285,31.0
EH0000629,DR-01,drill_rig,SITE_B,2026-06-29,80,16978,186.4,4.55,1.1,94.6,5.52,-3.8,1.3,,False,220175,8.3
EH0000630,DR-01,drill_rig,SITE_B,2026-06-30,80,16994,334.3,4.43,-1.6,93.0,4.22,2.5,7.3,,False,90755,17.9
EH0000631,DR-02,drill_rig,SITE_C,2026-06-01,80,19850,225.5,4.35,-3.3,89.8,5.54,-0.9,7.2,,False,247302,8.9
EH0000632,DR-02,drill_rig,SITE_C,2026-06-02,80,19858,386.4,4.67,3.8,79.3,5.41,1.4,2.3,,False,336952,23.0
EH0000633,DR-02,drill_rig,SITE_C,2026-06-03,80,19868,237.3,4.72,4.8,89.6,3.59,8.0,1.8,,False,299427,6.7
EH0000634,DR-02,drill_rig,SITE_C,2026-06-04,80,19880,276.1,4.62,2.7,79.0,1.69,-3.8,4.8,,False,323445,6.9
EH0000635,DR-02,drill_rig,SITE_C,2026-06-05,80,19888,252.0,4.54,0.8,90.5,3.87,-8.3,2.0,,False,61602,9.1
EH0000636,DR-02,drill_rig,SITE_C,2026-06-06,80,19897,348.4,4.42,-1.8,89.4,3.5,-2.2,7.0,,False,129846,3.1
EH0000637,DR-02,drill_rig,SITE_C,2026-06-07,80,19915,256.9,4.42,-1.8,93.7,5.0,0.5,4.1,,False,167904,19.0
EH0000638,DR-02,drill_rig,SITE_C,2026-06-08,80,19924,497.3,4.47,-0.7,82.6,5.06,1.8,1.0,,False,234716,27.2
EH0000639,DR-02,drill_rig,SITE_C,2026-06-09,80,19938,283.4,4.46,-0.8,89.7,3.07,-5.5,1.7,,False,85929,4.3
EH0000640,DR-02,drill_rig,SITE_C,2026-06-10,80,19951,213.8,4.57,1.6,85.4,4.55,-1.7,8.0,,False,224100,3.4
EH0000641,DR-02,drill_rig,SITE_C,2026-06-11,80,19967,207.2,4.55,1.2,91.2,4.48,3.9,7.9,,False,337073,10.9
EH0000642,DR-02,drill_rig,SITE_C,2026-06-12,80,19984,355.8,4.46,-0.9,85.5,4.41,3.5,1.6,,False,188620,36.2
EH0000643,DR-02,drill_rig,SITE_C,2026-06-13,80,19993,314.6,4.61,2.5,86.7,2.51,2.6,6.5,,False,287113,29.3
EH0000644,DR-02,drill_rig,SITE_C,2026-06-14,80,20007,236.2,4.46,-0.9,88.5,2.88,-3.2,5.5,,False,238681,25.4
EH0000645,DR-02,drill_rig,SITE_C,2026-06-15,80,20015,570.1,4.46,-0.8,85.4,4.69,2.7,3.7,,False,99238,36.4
EH0000646,DR-02,drill_rig,SITE_C,2026-06-16,80,20034,564.4,4.54,0.8,82.3,2.54,-3.1,1.2,,False,157116,12.8
EH0000647,DR-02,drill_rig,SITE_C,2026-06-17,80,20045,495.6,4.39,-2.5,90.0,3.38,0.1,7.7,,False,281535,5.8
EH0000648,DR-02,drill_rig,SITE_C,2026-06-18,80,20062,510.2,4.4,-2.3,91.4,3.26,6.8,4.6,,False,249124,29.3
EH0000649,DR-02,drill_rig,SITE_C,2026-06-19,80,20081,334.8,4.56,1.3,85.9,2.11,-1.7,5.1,,False,206862,34.7
EH0000650,DR-02,drill_rig,SITE_C,2026-06-20,80,20090,204.5,4.45,-1.2,94.4,5.39,5.8,4.4,,False,321504,19.2
EH0000651,DR-02,drill_rig,SITE_C,2026-06-21,80,20099,378.5,4.75,5.5,90.9,4.16,-1.8,7.4,,False,286855,24.7
EH0000652,DR-02,drill_rig,SITE_C,2026-06-22,80,20116,414.5,4.56,1.4,89.4,4.01,-1.6,4.2,,False,135335,4.0
EH0000653,DR-02,drill_rig,SITE_C,2026-06-23,80,20134,202.4,4.42,-1.8,86.4,6.04,6.3,6.4,,False,298789,15.3
EH0000654,DR-02,drill_rig,SITE_C,2026-06-24,80,20143,605.0,4.62,2.7,81.1,4.16,-4.3,6.0,,False,72888,28.7
EH0000655,DR-02,drill_rig,SITE_C,2026-06-25,80,20152,224.2,4.56,1.4,87.2,2.43,3.3,5.3,,False,203535,39.5
EH0000656,DR-02,drill_rig,SITE_C,2026-06-26,80,20162,459.5,4.63,2.9,78.7,2.62,-2.1,5.8,,False,107560,0.8
EH0000657,DR-02,drill_rig,SITE_C,2026-06-27,80,20175,557.6,4.39,-2.5,85.3,5.55,-3.7,1.0,,False,229773,29.7
EH0000658,DR-02,drill_rig,SITE_C,2026-06-28,80,20187,536.8,4.57,1.6,85.2,5.87,0.8,5.4,,False,56939,19.4
EH0000659,DR-02,drill_rig,SITE_C,2026-06-29,80,20200,606.0,4.54,1.0,80.7,5.92,1.6,2.4,,False,176260,2.0
EH0000660,DR-02,drill_rig,SITE_C,2026-06-30,80,20212,612.5,4.51,0.3,87.7,3.66,-3.5,5.0,,False,338983,22.7
EH0000661,DR-03,drill_rig,SITE_A,2026-06-01,80,6797,418.5,4.51,0.2,86.3,3.83,-1.7,3.4,,False,339045,26.7
EH0000662,DR-03,drill_rig,SITE_A,2026-06-02,80,6813,245.7,4.53,0.7,89.7,2.55,-1.4,2.5,,False,137170,24.5
EH0000663,DR-03,drill_rig,SITE_A,2026-06-03,80,6829,533.6,4.43,-1.6,92.7,5.93,0.1,5.4,,False,205278,8.3
EH0000664,DR-03,drill_rig,SITE_A,2026-06-04,80,6840,420.3,4.56,1.3,79.6,3.79,1.2,4.6,,False,97196,0.0
EH0000665,DR-03,drill_rig,SITE_A,2026-06-05,80,6855,496.8,4.49,-0.3,79.8,4.51,0.2,4.1,,False,194591,31.6
EH0000666,DR-03,drill_rig,SITE_A,2026-06-06,80,6871,515.8,4.56,1.3,92.4,3.16,-3.8,2.6,,False,200259,23.7
EH0000667,DR-03,drill_rig,SITE_A,2026-06-07,80,6880,379.4,4.48,-0.4,93.4,4.02,-3.1,2.1,,False,254168,7.7
EH0000668,DR-03,drill_rig,SITE_A,2026-06-08,80,6891,437.1,4.3,-4.4,92.3,3.24,-1.2,3.5,,False,239121,19.6
EH0000669,DR-03,drill_rig,SITE_A,2026-06-09,80,6899,591.2,4.53,0.6,91.1,5.76,0.9,3.8,,False,134533,31.8
EH0000670,DR-03,drill_rig,SITE_A,2026-06-10,80,6916,520.2,4.31,-4.2,79.9,5.06,-0.5,1.7,,False,65020,18.4
EH0000671,DR-03,drill_rig,SITE_A,2026-06-11,80,6935,311.3,4.54,1.0,90.1,2.74,-5.8,4.9,,False,194607,10.3
EH0000672,DR-03,drill_rig,SITE_A,2026-06-12,80,6944,213.7,4.48,-0.5,90.0,2.47,-4.8,6.3,,False,132115,31.0
EH0000673,DR-03,drill_rig,SITE_A,2026-06-13,80,6953,436.7,4.57,1.5,86.3,4.7,-5.7,2.4,,False,76021,7.3
EH0000674,DR-03,drill_rig,SITE_A,2026-06-14,80,6970,297.7,4.47,-0.6,87.3,3.32,3.8,2.3,,False,174585,7.8
EH0000675,DR-03,drill_rig,SITE_A,2026-06-15,80,6979,582.5,4.56,1.4,86.9,3.75,-0.6,4.8,,False,180179,29.1
EH0000676,DR-03,drill_rig,SITE_A,2026-06-16,80,6997,619.8,4.37,-2.9,92.4,5.19,0.4,1.8,,False,118422,4.6
EH0000677,DR-03,drill_rig,SITE_A,2026-06-17,80,7006,265.8,4.66,3.5,83.6,4.76,2.8,2.4,,False,230707,16.4
EH0000678,DR-03,drill_rig,SITE_A,2026-06-18,80,7024,387.4,4.52,0.4,95.7,5.14,1.8,6.6,,False,338257,6.7
EH0000679,DR-03,drill_rig,SITE_A,2026-06-19,80,7034,256.9,4.27,-5.2,90.1,3.45,7.6,5.4,,False,278502,2.5
EH0000680,DR-03,drill_rig,SITE_A,2026-06-20,80,7047,397.1,4.58,1.7,94.6,2.34,2.8,2.0,,False,319702,14.9
EH0000681,DR-03,drill_rig,SITE_A,2026-06-21,80,7057,429.3,4.49,-0.2,89.7,2.7,-5.1,3.9,,False,129031,25.0
EH0000682,DR-03,drill_rig,SITE_A,2026-06-22,80,7068,431.5,4.78,6.2,84.0,5.3,4.1,4.9,,False,305116,8.4
EH0000683,DR-03,drill_rig,SITE_A,2026-06-23,80,7077,220.7,4.44,-1.4,79.8,3.09,2.9,1.9,,False,181002,25.5
EH0000684,DR-03,drill_rig,SITE_A,2026-06-24,80,7088,597.1,4.5,0.1,82.7,3.64,2.9,2.8,,False,206353,31.6
EH0000685,DR-03,drill_rig,SITE_A,2026-06-25,80,7099,334.3,4.56,1.4,91.9,5.31,1.0,5.8,,False,267655,14.7
EH0000686,DR-03,drill_rig,SITE_A,2026-06-26,80,7114,263.8,4.41,-2.1,84.6,2.31,-1.1,6.6,,False,180749,7.1
EH0000687,DR-03,drill_rig,SITE_A,2026-06-27,80,7126,423.8,4.5,0.1,81.1,2.84,-6.7,4.5,,False,62419,6.4
EH0000688,DR-03,drill_rig,SITE_A,2026-06-28,80,7140,584.7,4.41,-2.0,79.7,3.63,-5.5,3.7,,False,173177,20.0
EH0000689,DR-03,drill_rig,SITE_A,2026-06-29,80,7156,496.8,4.39,-2.4,79.6,3.77,-0.9,2.3,,False,156854,11.5
EH0000690,DR-03,drill_rig,SITE_A,2026-06-30,80,7166,452.6,4.43,-1.5,89.9,5.25,-1.0,3.7,,False,77792,35.3
EH0000691,DR-04,drill_rig,SITE_B,2026-06-01,80,14596,577.3,4.48,-0.4,78.9,5.51,0.6,7.8,,False,63290,12.1
EH0000692,DR-04,drill_rig,SITE_B,2026-06-02,80,14605,379.2,4.37,-2.8,93.0,6.24,3.9,7.5,,False,286471,10.2
EH0000693,DR-04,drill_rig,SITE_B,2026-06-03,80,14620,533.7,4.59,2.0,87.2,2.13,-1.2,2.4,,False,194099,8.3
EH0000694,DR-04,drill_rig,SITE_B,2026-06-04,80,14636,217.5,4.59,2.1,83.5,5.04,0.6,4.0,,False,221446,28.7
EH0000695,DR-04,drill_rig,SITE_B,2026-06-05,80,14645,317.1,4.59,2.0,92.1,3.41,-3.6,5.9,,False,199978,25.2
EH0000696,DR-04,drill_rig,SITE_B,2026-06-06,80,14664,341.6,4.52,0.5,87.5,4.88,-3.6,4.5,,False,164277,10.8
EH0000697,DR-04,drill_rig,SITE_B,2026-06-07,80,14676,318.4,4.53,0.6,79.5,4.7,-0.4,6.1,,False,70348,21.8
EH0000698,DR-04,drill_rig,SITE_B,2026-06-08,80,14684,318.8,4.44,-1.3,90.3,5.42,-0.7,2.4,,False,294640,1.5
EH0000699,DR-04,drill_rig,SITE_B,2026-06-09,80,14701,221.5,4.53,0.6,80.3,4.19,5.3,4.6,,False,120771,36.0
EH0000700,DR-04,drill_rig,SITE_B,2026-06-10,80,14714,542.8,4.43,-1.5,85.5,2.38,0.9,5.7,,False,336412,39.2
EH0000701,DR-04,drill_rig,SITE_B,2026-06-11,80,14733,184.5,4.64,3.2,80.7,5.32,2.2,1.1,,False,67197,38.7
EH0000702,DR-04,drill_rig,SITE_B,2026-06-12,80,14747,272.0,4.31,-4.2,93.3,6.23,6.1,7.6,,False,165342,18.2
EH0000703,DR-04,drill_rig,SITE_B,2026-06-13,80,14755,545.3,4.33,-3.7,90.0,3.66,3.1,2.1,,False,310047,36.5
EH0000704,DR-04,drill_rig,SITE_B,2026-06-14,80,14773,226.7,4.57,1.5,81.1,4.92,1.6,7.8,,False,125990,29.3
EH0000705,DR-04,drill_rig,SITE_B,2026-06-15,80,14787,428.6,4.52,0.5,79.6,3.65,0.0,2.9,,False,206490,25.4
EH0000706,DR-04,drill_rig,SITE_B,2026-06-16,80,14805,325.0,4.48,-0.4,85.9,5.1,-3.3,4.9,,False,61360,22.0
EH0000707,DR-04,drill_rig,SITE_B,2026-06-17,80,14815,410.0,4.54,0.8,78.4,4.05,4.0,7.7,,False,272284,37.6
EH0000708,DR-04,drill_rig,SITE_B,2026-06-18,80,14823,235.3,4.49,-0.3,83.6,5.41,-1.3,7.0,,False,152223,36.6
EH0000709,DR-04,drill_rig,SITE_B,2026-06-19,80,14841,240.4,4.5,0.1,84.1,4.83,4.8,7.9,,False,221565,29.2
EH0000710,DR-04,drill_rig,SITE_B,2026-06-20,80,14852,497.4,4.62,2.6,94.9,5.38,-1.5,4.5,,False,278411,3.0
EH0000711,DR-04,drill_rig,SITE_B,2026-06-21,80,14869,235.5,4.64,3.1,87.5,3.41,3.3,3.7,,False,215295,10.1
EH0000712,DR-04,drill_rig,SITE_B,2026-06-22,80,14878,606.3,4.4,-2.2,86.7,2.42,1.7,2.0,,False,264309,24.2
EH0000713,DR-04,drill_rig,SITE_B,2026-06-23,80,14891,450.8,4.5,-0.0,85.3,2.0,-1.6,5.2,,False,322751,27.4
EH0000714,DR-04,drill_rig,SITE_B,2026-06-24,80,14902,499.6,4.43,-1.5,82.0,3.82,0.2,7.5,,False,319365,38.8
EH0000715,DR-04,drill_rig,SITE_B,2026-06-25,80,14917,417.6,4.54,0.8,91.5,4.97,0.6,4.6,,False,345745,14.4
EH0000716,DR-04,drill_rig,SITE_B,2026-06-26,80,14926,396.7,4.54,0.8,93.1,2.63,-0.2,1.8,,False,181707,2.6
EH0000717,DR-04,drill_rig,SITE_B,2026-06-27,80,14938,237.5,4.41,-2.0,84.7,2.34,2.4,3.7,,False,138537,31.2
EH0000718,DR-04,drill_rig,SITE_B,2026-06-28,80,14949,519.4,4.48,-0.5,94.5,5.42,-0.0,1.6,,False,341033,36.9
EH0000719,DR-04,drill_rig,SITE_B,2026-06-29,80,14967,403.7,4.53,0.7,82.2,5.3,-0.8,1.2,,False,328102,39.2
EH0000720,DR-04,drill_rig,SITE_B,2026-06-30,80,14976,602.3,4.46,-0.9,90.2,5.46,-1.7,2.5,,False,186836,1.0
